id,email,ip_address,color,date,number,koord1,koord2
1,bcorn0@bloglovin.com,235.223.87.41,Goldenrod,5/19/2024,4745,9.0568265,6.1434201
2,tgrzes1@feedburner.com,22.112.115.200,Red,8/5/2024,3882,-40.4057293,175.5843632
3,amegainey2@usnews.com,102.64.94.32,Aquamarine,1/17/2024,1458,10.5914216,39.4372601
4,gjoontjes3@theguardian.com,108.85.69.90,Orange,6/5/2024,1448,34.158997,108.906994
5,scrole4@salon.com,39.49.51.104,Maroon,11/27/2024,2862,32.058597,34.9136
6,kselborne5@economist.com,99.193.202.252,Fuscia,1/28/2024,4686,53.6849853,27.1325559
7,hperryman6@scientificamerican.com,210.191.137.210,Fuscia,9/7/2024,3869,18.5344284,120.7961471
8,obosence7@shop-pro.jp,121.127.245.198,Mauv,5/26/2024,1624,-7.5292266,110.5937834
9,uwilber8@hao123.com,109.97.115.186,Green,5/31/2024,897,25.242158,117.326355
10,acamelli9@newsvine.com,229.29.17.183,Crimson,1/10/2024,2592,43.9332185,-78.8439268
11,fgarnalla@altervista.org,61.33.185.15,Crimson,3/11/2024,4066,34.293171,108.946651
12,janticb@japanpost.jp,163.130.123.35,Goldenrod,11/18/2024,4061,40.727504,19.5627596
13,bhanec@va.gov,25.51.28.121,Fuscia,6/6/2024,3161,51.7774845,20.6971747
14,bbrownsettd@eventbrite.com,10.35.102.185,Crimson,10/7/2024,4089,40.8762849,49.0273549
15,ablackatere@phpbb.com,90.178.190.46,Indigo,5/18/2024,3034,27.895558,115.455558
16,bdibiagif@goodreads.com,221.24.253.20,Violet,3/1/2024,3215,49.7888028,33.730793
17,bdragong@amazon.co.jp,14.137.224.254,Crimson,10/31/2024,2187,7.1069627,39.2011716
18,acastellinoh@earthlink.net,204.191.255.142,Puce,4/14/2024,2734,31.052914,110.332814
19,gjennyi@hc360.com,31.68.91.11,Violet,1/29/2024,4539,-6.3934005,-77.4859711
20,mairsj@unc.edu,92.97.99.35,Orange,11/14/2024,3208,46.798163,134.013872
21,uwolfendalek@earthlink.net,210.144.168.65,Goldenrod,12/10/2024,3721,35.476788,110.442846
22,chaselll@theguardian.com,189.177.119.179,Goldenrod,3/3/2024,4568,48.8693156,2.3501981
23,btomsam@boston.com,112.44.237.254,Maroon,10/17/2024,1869,20.8795129,-76.2594981
24,mmaccaghann@usa.gov,215.85.181.23,Crimson,1/19/2024,462,3.8144237,-76.247912
25,cgilhoolo@narod.ru,166.237.214.228,Teal,10/19/2024,2826,42.29,-83.14
26,ksidebottonp@squarespace.com,249.210.216.139,Pink,4/3/2024,258,60.5848255,27.7095936
27,fgudgeq@cargocollective.com,192.33.188.200,Green,5/25/2024,142,7.4700493,124.3789673
28,istrippr@blogger.com,83.109.4.154,Aquamarine,2/23/2024,1855,58.3209912,15.1341949
29,nivys@yellowbook.com,39.152.45.83,Puce,5/30/2024,4292,31.77,-106.43
30,hjohnyst@360.cn,147.31.71.101,Violet,1/6/2024,2927,25.377098,49.72433
31,pmavinu@google.com.au,135.148.196.225,Purple,7/31/2024,4944,14.5994449,120.9990792
32,smcnabbv@washingtonpost.com,40.87.21.6,Goldenrod,1/7/2024,613,31.875572,120.556005
33,ugoldsw@europa.eu,148.28.87.184,Teal,6/25/2024,3764,46.272758,-79.4298653
34,bwhimpx@xinhuanet.com,51.186.206.138,Khaki,8/1/2024,2402,13.1984059,-88.0534236
35,sduchateauy@sbwire.com,185.13.48.7,Goldenrod,12/20/2023,4806,54.9295907,19.9482276
36,eforsonz@comsenz.com,112.95.180.57,Green,1/5/2024,2333,42.52056,130.39528
37,esandever10@gov.uk,136.72.185.192,Turquoise,4/8/2024,395,19.3972335,-99.1933664
38,lbrownsmith11@com.com,54.215.77.217,Yellow,1/2/2024,3109,-23.3866812,-48.7218983
39,inovelli12@ftc.gov,31.176.198.101,Khaki,5/15/2024,4071,1.3796294,-77.2520101
40,rchilcotte13@dagondesign.com,123.69.42.45,Khaki,3/21/2024,1753,7.1962805,125.4078017
41,bantonioni14@si.edu,195.182.21.99,Teal,3/10/2024,4640,-7.9865988,112.4589481
42,dmckeown15@chronoengine.com,78.180.88.243,Khaki,4/19/2024,334,-20.9508706,-43.8028073
43,ljentges16@cbc.ca,239.237.43.14,Pink,12/5/2024,3743,40.076762,113.300129
44,caxworthy17@aol.com,84.78.196.209,Teal,1/29/2024,3412,48.922709,2.3425328
45,vpeerless18@wix.com,121.166.74.107,Goldenrod,5/5/2024,3375,-8.7080752,115.1808171
46,dcarss19@ox.ac.uk,98.114.158.64,Red,8/17/2024,270,56.1929385,15.2667633
47,rhousen1a@scribd.com,25.76.150.128,Red,2/12/2024,2995,43.88793,-81.31145
48,cchase1b@mediafire.com,97.81.122.65,Red,9/30/2024,1260,58.3594831,11.2594186
49,rglowacha1c@storify.com,253.136.89.30,Puce,3/25/2024,2019,-7.9954685,110.9417222
50,zheadford1d@altervista.org,201.165.201.104,Goldenrod,3/25/2024,214,14.5672317,121.0298199
51,ccamidge1e@dmoz.org,208.119.14.179,Puce,2/5/2024,3949,50.6832156,15.4065217
52,awind1f@amazon.co.jp,75.100.94.180,Green,2/9/2024,3222,22.4033272,103.393389
53,naries1g@yahoo.com,27.183.249.80,Turquoise,3/28/2024,1800,15.1487342,120.5849792
54,mmyner1h@dyndns.org,58.111.119.138,Khaki,6/13/2024,454,-34.6821989,-58.3298681
55,kgroveham1i@livejournal.com,154.180.216.78,Puce,1/2/2024,4710,26.3237782,88.5167162
56,rbutland1j@buzzfeed.com,66.181.84.145,Purple,10/28/2024,4109,53.6557845,41.6873842
57,sgarron1k@tinypic.com,170.201.79.89,Puce,4/8/2024,3756,-27.9715033,27.0319884
58,gaggiss1l@cafepress.com,119.149.42.165,Blue,3/18/2024,4690,20.0844095,105.3760604
59,rdingley1m@ebay.com,74.68.186.180,Red,12/23/2023,4929,35.0876436,36.216972
60,blutzmann1n@sina.com.cn,133.49.160.232,Violet,7/9/2024,1479,-8.0397618,111.9000827
61,bcordero1o@seattletimes.com,139.251.24.109,Blue,4/29/2024,2698,59.758523,17.7836929
62,dgiovannacci1p@github.io,102.226.45.56,Puce,5/27/2024,577,-8.0634771,113.8227792
63,thartless1q@tmall.com,243.100.92.234,Yellow,7/14/2024,1468,-5.3811326,-49.1331046
64,desberger1r@people.com.cn,71.7.167.121,Turquoise,12/14/2024,4523,50.4351008,15.2414232
65,kheddan1s@uol.com.br,255.138.104.160,Green,7/8/2024,2406,35.1127371,119.3074791
66,rgash1t@blog.com,174.196.221.250,Green,5/28/2024,2009,-6.9158643,112.4351068
67,pchampe1u@skype.com,153.60.185.173,Mauv,12/28/2023,1778,59.3356305,18.3861127
68,gwellum1v@weebly.com,91.118.218.221,Yellow,10/16/2024,1352,23.219932,102.835223
69,nmaddox1w@a8.net,255.145.116.221,Yellow,2/6/2024,4618,36.15,-96
70,dbabinski1x@auda.org.au,158.170.155.206,Aquamarine,11/7/2024,228,3.0968502,101.6454408
71,ehulburt1y@shinystat.com,44.138.97.85,Khaki,12/18/2023,2113,-11.5459875,43.3885797
72,svaines1z@dmoz.org,35.57.37.170,Turquoise,11/5/2024,3344,-23.6126976,-46.9465138
73,tmuckart20@auda.org.au,179.3.207.208,Mauv,11/27/2024,581,38.4224562,48.8687149
74,mcloney21@youtu.be,53.105.70.93,Blue,5/17/2024,3536,41.4390535,-6.3931513
75,gdawber22@sourceforge.net,78.48.63.162,Turquoise,6/16/2024,2702,10.4145738,8.5721016
76,mdulling23@usatoday.com,251.71.32.139,Purple,7/23/2024,3455,15.1042521,101.0768333
77,rschoffler24@blogger.com,204.189.127.63,Fuscia,5/1/2024,824,50.66648,-120.3192
78,sagronski25@ycombinator.com,231.170.197.84,Blue,8/14/2024,1469,45.4560254,9.1257661
79,aduignan26@auda.org.au,60.53.140.169,Aquamarine,12/4/2024,4672,13.3600554,100.9849333
80,hgabbidon27@engadget.com,216.79.98.77,Orange,2/12/2024,4168,28.901462,118.511235
81,bpolendine28@europa.eu,25.92.36.171,Red,3/26/2024,3923,-4.9942171,105.2077798
82,mmurra29@businessweek.com,252.49.148.162,Goldenrod,2/22/2024,1162,6.647477,101.2353772
83,dhawkings2a@webs.com,68.70.31.213,Aquamarine,1/2/2024,4341,5.3419104,6.6557943
84,pnorthfield2b@unicef.org,86.206.168.91,Blue,4/24/2024,4054,50.0898667,18.7713104
85,kfaint2c@lulu.com,89.192.166.126,Turquoise,11/7/2024,1375,55.6602448,37.5157102
86,adowyer2d@hp.com,199.185.96.244,Fuscia,2/5/2024,3722,-3.8246952,103.1048449
87,anancarrow2e@hexun.com,57.34.162.0,Green,1/23/2024,3599,-18.7146874,32.1646708
88,mdelicate2f@sun.com,136.70.153.223,Maroon,4/26/2024,379,37.39,-121.89
89,jnewlove2g@hp.com,189.103.207.50,Orange,4/13/2024,2641,-8.7820436,120.4155972
90,jtrynor2h@indiegogo.com,90.58.249.219,Teal,4/9/2024,1148,42.7981285,1.5693759
91,jbauldry2i@list-manage.com,159.232.224.236,Teal,7/19/2024,154,6.1324209,100.310501
92,talves2j@de.vu,248.68.130.49,Purple,2/6/2024,2374,4.878323,-74.467283
93,hbier2k@freewebs.com,12.139.5.211,Goldenrod,11/1/2024,1675,22.4537995,112.9340394
94,fdrever2l@ucla.edu,185.55.84.72,Violet,10/30/2024,839,49.839683,24.029717
95,cminghi2m@google.es,159.169.76.105,Violet,7/8/2024,4106,19.4325127,-99.1218024
96,mdocket2n@cnn.com,97.227.220.8,Purple,5/23/2024,1562,26.520511,103.653382
97,cvellden2o@mozilla.org,142.101.111.17,Turquoise,1/5/2024,4648,23.241655,111.539333
98,vrozec2p@uiuc.edu,4.235.232.80,Turquoise,12/21/2023,781,32.47304,35.0936
99,gduthy2q@nba.com,201.247.117.52,Puce,10/15/2024,2183,48.6059152,-4.1166788
100,oattenbrow2r@rambler.ru,233.75.0.168,Yellow,8/21/2024,3070,-34.8411832,-58.4389753
101,masbrey2s@tmall.com,253.72.152.98,Red,7/23/2024,2772,61.8245883,16.1406946
102,tpeakman2t@ibm.com,146.78.37.101,Purple,4/24/2024,1700,32.637546,109.003167
103,epears2u@army.mil,238.224.180.190,Green,7/1/2024,3899,17.0187975,103.2432632
104,tdiloway2v@state.tx.us,227.9.74.230,Fuscia,1/24/2024,872,34.542308,118.752842
105,cenderlein2w@tinyurl.com,142.21.190.241,Crimson,1/27/2024,251,49.0419017,28.4169896
106,bhamm2x@tinypic.com,168.1.210.66,Crimson,11/6/2024,2174,24.1092009,117.1199596
107,obeviss2y@flickr.com,16.34.218.77,Violet,4/29/2024,3685,-8.0146,111.9856
108,acottee2z@soundcloud.com,146.237.101.197,Turquoise,8/3/2024,3871,50.8677076,19.2061348
109,nianizzi30@vkontakte.ru,185.82.91.28,Orange,3/22/2024,315,29.00091,120.568856
110,wcowope31@geocities.jp,22.196.66.234,Maroon,9/8/2024,3743,45.4698284,13.6405292
111,poverbury32@sohu.com,12.16.51.227,Indigo,11/24/2024,4238,32.433378,35.0843
112,rtalks33@multiply.com,156.8.6.82,Turquoise,5/21/2024,3155,51.5829309,4.7066416
113,atraite34@nps.gov,172.161.174.12,Goldenrod,2/11/2024,4094,49.2513639,22.6952648
114,cibel35@timesonline.co.uk,92.24.54.44,Fuscia,10/29/2024,2765,32.890704,35.40461
115,rcohrs36@usatoday.com,232.94.19.197,Turquoise,2/11/2024,399,32.809026,110.112629
116,wesson37@fastcompany.com,221.66.94.134,Red,10/25/2024,347,33.347316,120.16366
117,awimbury38@photobucket.com,100.241.104.184,Teal,3/20/2024,3500,42.1252635,-8.1988196
118,cmaylam39@cbc.ca,69.58.69.68,Crimson,3/29/2024,4201,53.6920618,-6.3025448
119,ctofanelli3a@springer.com,122.72.197.202,Violet,10/18/2024,2770,2.921263,101.6858965
120,dheijne3b@paginegialle.it,141.219.75.45,Turquoise,6/22/2024,1532,36.402881,113.38098
121,hkelcher3c@ibm.com,182.249.43.54,Fuscia,7/11/2024,3119,38.8403484,-9.1062978
122,ozink3d@nps.gov,20.92.206.128,Blue,4/28/2024,3156,61.030613,42.4853941
123,hgringley3e@jugem.jp,96.42.141.160,Goldenrod,10/4/2024,4611,-27.3987162,-55.9209672
124,jisley3f@angelfire.com,87.231.173.114,Red,10/10/2024,2206,47.6015566,-122.3323351
125,nbenjefield3g@reverbnation.com,164.233.170.241,Goldenrod,7/30/2024,881,9.3420526,123.2904615
126,tfollows3h@topsy.com,33.47.195.192,Mauv,5/26/2024,2520,33.083093,120.185095
127,dfitzroy3i@ca.gov,165.149.191.37,Crimson,10/25/2024,1410,46.9167921,36.8246053
128,nescalante3j@infoseek.co.jp,97.88.119.133,Pink,11/6/2024,1864,-8.7688975,116.3957965
129,cheiner3k@go.com,51.12.244.206,Teal,9/20/2024,4111,55.0868852,82.6436105
130,kgokes3l@google.pl,0.156.173.50,Red,8/25/2024,1111,-22.7862985,-43.3053106
131,dyaneev3m@reverbnation.com,74.127.141.113,Turquoise,5/25/2024,264,49.0701119,16.4649242
132,welderton3n@guardian.co.uk,177.68.65.163,Violet,9/1/2024,2014,-7.4585953,107.6008169
133,jlaydon3o@msn.com,158.76.69.36,Fuscia,3/18/2024,1367,-20.1514708,-44.2010909
134,apimer3p@google.de,124.122.219.152,Purple,8/13/2024,4521,-34.1407972,19.9199137
135,kcubin3q@ask.com,85.123.34.161,Teal,1/5/2024,4152,31.2823103,121.5045889
136,fpinke3r@vimeo.com,36.133.249.198,Orange,10/10/2024,1934,44.9921453,40.6005314
137,tburnes3s@biblegateway.com,176.126.157.19,Goldenrod,10/4/2024,892,51.370484,22.3461706
138,twhistlecroft3t@angelfire.com,66.186.68.6,Indigo,10/9/2024,3492,56.9438063,51.0642669
139,jmackneis3u@auda.org.au,51.32.152.6,Puce,5/16/2024,2912,-18.0785916,29.8554841
140,xhumblestone3v@comcast.net,162.248.203.22,Puce,7/6/2024,4502,24.3482735,116.6988851
141,wnimmo3w@mysql.com,56.47.183.56,Crimson,10/25/2024,4305,35.9227705,139.7492367
142,mguilford3x@census.gov,215.231.197.146,Purple,12/14/2024,3977,67.278155,14.4159346
143,gkindleysides3y@mysql.com,1.186.176.161,Teal,10/17/2024,2895,31.896817,93.795126
144,akatt3z@diigo.com,64.150.12.228,Violet,4/9/2024,2224,31.5204633,-5.5302337
145,gfaughnan40@redcross.org,158.41.192.62,Blue,4/6/2024,4020,59.6037789,16.5289486
146,dmurcott41@si.edu,216.236.204.146,Fuscia,7/14/2024,3764,45.3612879,18.693916
147,jmackay42@oaic.gov.au,72.3.155.91,Puce,7/21/2024,2296,47.5054315,6.8426821
148,okeepe43@free.fr,233.16.109.159,Blue,9/16/2024,890,54.9082369,23.879755
149,zwinslade44@yelp.com,248.172.188.165,Blue,11/15/2024,2060,48.8693156,2.3501981
150,umeaders45@who.int,203.126.61.43,Violet,1/3/2024,237,45.054478,7.6579399
151,otwydell46@wired.com,1.89.157.122,Goldenrod,8/1/2024,3953,38.7222088,-9.3435691
152,kbartle47@vimeo.com,132.139.216.26,Orange,9/18/2024,4465,50.3674128,13.5400012
153,pkulver48@wordpress.org,202.24.73.1,Khaki,1/4/2024,672,46.5980836,15.1657237
154,rphinnessy49@nsw.gov.au,244.80.152.143,Indigo,7/5/2024,3825,53.5199891,59.8158991
155,gwrintmore4a@jalbum.net,93.250.234.252,Violet,1/15/2024,323,23.152382,113.341739
156,rbauchop4b@artisteer.com,29.30.73.142,Indigo,1/27/2024,551,-3.9715688,-38.5276456
157,astoyles4c@salon.com,53.5.26.91,Crimson,4/18/2024,2839,14.0879302,44.6724469
158,dfearn4d@ted.com,155.192.88.45,Indigo,4/20/2024,3348,19.2996147,-81.1099536
159,crief4e@wunderground.com,226.186.94.80,Indigo,2/16/2024,168,41.0924881,-73.4239143
160,neckley4f@symantec.com,35.71.165.194,Mauv,11/23/2024,1345,37.6969518,127.8886827
161,baskey4g@hugedomains.com,9.2.124.84,Yellow,5/9/2024,2900,-38.0123723,-57.5938573
162,mlillgard4h@instagram.com,221.138.195.118,Turquoise,11/8/2024,2414,38.2031194,23.9632194
163,earden4i@howstuffworks.com,177.24.235.27,Green,9/18/2024,3787,48.5851876,7.7342943
164,ndaltrey4j@msn.com,77.47.175.122,Khaki,10/10/2024,2666,14.5624842,121.0482871
165,acolbrun4k@people.com.cn,224.139.48.202,Indigo,5/8/2024,2558,29.204461,116.512037
166,fwillcott4l@sina.com.cn,93.184.199.193,Green,4/6/2024,1093,42.6962642,2.8797149
167,ihardwick4m@t-online.de,209.182.197.75,Crimson,7/23/2024,526,33.347316,120.16366
168,twhorf4n@cdc.gov,129.46.52.217,Maroon,10/28/2024,4990,0.120863,117.4800445
169,nableson4o@google.ru,51.32.54.231,Maroon,7/9/2024,1011,59.3433282,18.0638221
170,ttemperley4p@china.com.cn,181.202.187.58,Blue,8/22/2024,2834,-23.3044524,-51.1695824
171,cluesley4q@de.vu,73.165.108.185,Aquamarine,2/11/2024,2318,15.4977734,100.2151578
172,aoluney4r@mlb.com,178.28.194.21,Pink,8/5/2024,432,55.321347,42.16866
173,aomonahan4s@microsoft.com,201.72.172.157,Mauv,9/20/2024,531,-9.4020529,34.0195827
174,acrosfeld4t@who.int,252.121.10.83,Green,8/2/2024,448,13.83446,44.11469
175,cjosum4u@google.it,3.170.170.252,Indigo,2/26/2024,4142,58.3594831,11.2594186
176,spicker4v@qq.com,83.54.134.84,Puce,8/31/2024,1784,19.3957419,-97.2826539
177,ykincla4w@cargocollective.com,109.70.21.148,Green,3/1/2024,298,41.6111031,45.9271436
178,geisig4x@ameblo.jp,18.151.78.12,Aquamarine,12/25/2023,2157,41.7748248,-8.4372895
179,drounsefell4y@walmart.com,12.35.131.23,Yellow,9/21/2024,4620,59.8639169,30.3721765
180,gbrealey4z@ucoz.ru,47.249.242.66,Indigo,6/11/2024,412,32.7526842,-97.3264658
181,dwards50@answers.com,222.29.109.136,Yellow,2/19/2024,3856,-23.4833329,27.116667
182,sjosefson51@cafepress.com,29.243.182.101,Violet,1/29/2024,2842,-22.6118831,-46.0577071
183,scardoso52@wikipedia.org,78.70.40.24,Green,1/10/2024,3168,15.5168467,120.6069565
184,nceles53@skype.com,169.220.83.115,Goldenrod,12/6/2024,1181,10.5423489,122.9635773
185,cpalmby54@constantcontact.com,236.14.158.78,Orange,3/13/2024,1795,38.491235,111.033425
186,critchley55@ocn.ne.jp,218.185.226.202,Maroon,12/18/2023,286,-6.2401676,-38.9459326
187,gmccleod56@newyorker.com,38.252.54.18,Aquamarine,1/16/2024,4059,-8.3465933,115.5207358
188,fmcnish57@newyorker.com,102.53.243.235,Goldenrod,4/19/2024,2106,7.198851,5.593239
189,vsoal58@wunderground.com,134.132.189.78,Pink,2/1/2024,2239,59.3223542,18.2106977
190,esizland59@newyorker.com,221.28.204.254,Orange,7/17/2024,1977,31.231546,121.441639
191,gstenner5a@thetimes.co.uk,137.94.79.176,Aquamarine,10/13/2024,2805,50.0751569,20.4549189
192,tbasford5b@goodreads.com,255.133.6.127,Puce,3/31/2024,3718,40.026852,128.161102
193,lprodrick5c@ucsd.edu,248.167.207.22,Fuscia,12/29/2023,1675,24.0288453,120.5624474
194,opeakman5d@desdev.cn,167.249.51.40,Aquamarine,10/28/2024,672,22.765392,112.964446
195,mtschursch5e@columbia.edu,45.241.244.9,Khaki,1/9/2024,2420,-26.8751803,-52.4040853
196,adimnage5f@intel.com,65.149.207.244,Indigo,4/21/2024,1821,-7.6445,108.6451
197,jdelgado5g@kickstarter.com,241.122.103.87,Khaki,12/23/2023,2123,53.3524256,-113.4153735
198,dfearnside5h@ebay.co.uk,123.230.197.136,Puce,11/5/2024,4723,-8.3884,124.6616
199,wpogg5i@wordpress.org,119.224.176.100,Maroon,7/5/2024,2393,-8.714498,115.169522
200,qmatresse5j@constantcontact.com,127.155.150.86,Turquoise,7/5/2024,1539,32.730304,129.8728011
201,ddrakeley5k@thetimes.co.uk,215.80.137.142,Puce,7/3/2024,968,16.701895,42.120984
202,kkaming5l@stanford.edu,200.227.2.164,Orange,6/6/2024,2152,0.3391763,-78.1222336
203,lgilson5m@dailymotion.com,161.232.234.45,Khaki,6/14/2024,467,45.2865242,-72.9768148
204,bslessor5n@stanford.edu,56.235.29.35,Puce,10/17/2024,2838,25.852003,98.8529872
205,dugo5o@jigsy.com,166.188.251.201,Puce,9/14/2024,672,10.509627,122.551718
206,psnozzwell5p@ed.gov,48.252.84.6,Blue,7/18/2024,4994,-12.1230818,-74.6341875
207,dcordeau5q@creativecommons.org,197.122.121.60,Purple,6/20/2024,4669,-34.7515751,-58.6433338
208,edace5r@wikispaces.com,2.165.215.73,Orange,1/26/2024,4122,42.57495,123.16525
209,mtewkesberrie5s@photobucket.com,15.201.197.24,Khaki,9/17/2024,3227,22.7843398,114.0486176
210,clefley5t@zimbio.com,149.7.108.216,Blue,5/22/2024,3919,30.134451,114.829374
211,rpineaux5u@gmpg.org,68.213.167.112,Maroon,6/24/2024,4905,55.8634461,13.6916707
212,cphilpin5v@odnoklassniki.ru,102.226.164.141,Yellow,9/9/2024,3341,-8.135667,111.5349059
213,flancashire5w@mozilla.org,192.13.167.237,Crimson,3/4/2024,1452,30.753924,120.758543
214,umcshirie5x@cargocollective.com,13.108.167.229,Indigo,11/4/2024,2624,33.75,-84.39
215,ecripps5y@google.com.hk,146.190.172.121,Maroon,12/8/2024,3997,28.292519,117.245497
216,rgossage5z@geocities.com,194.41.137.107,Violet,5/19/2024,4034,-22.817412,47.818038
217,tmcmanus60@princeton.edu,148.155.222.0,Teal,7/19/2024,1791,3.7827632,12.2490697
218,achandlar61@china.com.cn,56.73.246.249,Puce,8/16/2024,847,35.0702051,118.2536287
219,kshapiro62@stumbleupon.com,46.44.33.155,Aquamarine,9/10/2024,4360,60.2653316,30.4577808
220,wmatzel63@aol.com,212.161.14.237,Maroon,2/22/2024,2992,14.7938922,120.953604
221,vfirmin64@dailymotion.com,46.5.108.81,Orange,2/12/2024,1115,52.1045472,-7.5717688
222,mpyott65@spotify.com,14.194.110.150,Goldenrod,10/8/2024,1978,65.5948341,22.1916654
223,kmatusovsky66@wufoo.com,79.3.135.133,Indigo,10/28/2024,3763,26.463923,107.905837
224,khartford67@aol.com,164.37.7.87,Violet,9/12/2024,2961,3.649442,-76.567956
225,wcuddihy68@elpais.com,206.222.213.111,Mauv,7/3/2024,1873,-8.44477,115.2413041
226,awones69@pinterest.com,220.122.150.12,Pink,3/10/2024,3566,-7.3632094,109.9001796
227,skemmish6a@oaic.gov.au,116.44.156.157,Purple,9/14/2024,1450,10.3547319,124.9703005
228,ndallander6b@gizmodo.com,3.151.44.137,Fuscia,8/16/2024,1218,7.1796355,-2.1008486
229,spetchey6c@ft.com,8.112.99.193,Yellow,1/24/2024,3197,41.4000931,-8.1459112
230,rmccrie6d@wired.com,17.19.242.56,Pink,9/30/2024,3899,17.75,121.7333298
231,tlegon6e@goo.gl,107.143.52.182,Mauv,1/27/2024,665,45.448409,-73.858939
232,dwilman6f@digg.com,205.76.112.26,Teal,6/13/2024,1274,-13.479597,-72.1110396
233,mprimmer6g@google.co.jp,201.78.215.20,Mauv,10/31/2024,1412,49.4118611,16.4208386
234,lcubbin6h@patch.com,82.135.155.168,Teal,5/22/2024,1338,22.353499,112.39266
235,mavramovich6i@state.tx.us,160.74.28.206,Yellow,1/12/2024,3596,61.127495,23.0468306
236,tromand6j@patch.com,46.135.214.50,Goldenrod,9/30/2024,2859,46.6750305,4.3642884
237,wplowman6k@nymag.com,225.15.159.36,Aquamarine,5/11/2024,949,27.756339,112.555087
238,jcalven6l@wsj.com,60.40.23.80,Mauv,8/14/2024,283,61.8245883,16.1406946
239,hcrenshaw6m@chron.com,140.194.110.127,Puce,5/11/2024,3762,29.655143,121.406995
240,dliebermann6n@usnews.com,219.192.128.189,Mauv,7/3/2024,2618,41.535,60.34556
241,wsalkeld6o@theglobeandmail.com,59.16.143.240,Indigo,2/13/2024,1442,43.4945737,5.8978018
242,njeafferson6p@telegraph.co.uk,45.166.176.238,Yellow,10/22/2024,2335,-6.28433,107.130861
243,gkeyzman6q@yolasite.com,234.115.1.128,Aquamarine,3/5/2024,3241,13.7610951,101.1926507
244,sallman6r@g.co,220.110.57.89,Puce,4/29/2024,4064,13.9062958,124.3040904
245,lvarnes6s@networkadvertising.org,46.206.135.73,Blue,5/17/2024,4595,50.1745286,12.6598918
246,hkencott6t@spiegel.de,74.141.221.226,Purple,12/5/2024,3792,-8.7872653,116.2804288
247,hcoupe6u@epa.gov,11.143.54.75,Yellow,8/23/2024,459,26.8429645,107.2902839
248,mcassely6v@pcworld.com,109.142.99.48,Maroon,6/23/2024,3482,46.322577,-0.4654102
249,wjerrold6w@friendfeed.com,221.213.248.156,Teal,5/21/2024,4169,12.13333,-68.26667
250,zakam6x@jiathis.com,72.197.210.243,Crimson,2/15/2024,4735,28.0250371,57.745955
251,ldubs6y@webmd.com,69.89.255.56,Goldenrod,9/12/2024,1995,-7.3756003,110.9476831
252,elayman6z@phoca.cz,146.243.20.35,Fuscia,5/9/2024,1856,34.477861,110.084789
253,mwaadenburg70@oracle.com,253.140.23.200,Turquoise,7/26/2024,4859,45.7039688,5.9492762
254,sdimnage71@si.edu,131.199.115.69,Pink,2/18/2024,2262,37.4882943,71.5901986
255,aclandillon72@npr.org,155.88.0.16,Green,8/5/2024,4735,-16.4981761,-69.1014935
256,cbradane73@1688.com,3.59.107.60,Blue,7/17/2024,1197,45.020739,14.6315962
257,bfranzoli74@virginia.edu,82.169.184.43,Khaki,1/31/2024,446,27.229632,115.135507
258,dabdee75@feedburner.com,44.98.188.64,Crimson,6/17/2024,1890,56.9335219,24.2886319
259,darrigucci76@marketwatch.com,19.55.148.81,Red,1/4/2024,1492,40.417547,117.504737
260,lgarnsey77@list-manage.com,124.57.212.172,Khaki,8/5/2024,4394,27.495255,119.662909
261,ccompston78@istockphoto.com,13.44.127.151,Red,8/22/2024,513,37.30636,90.34176
262,lcorhard79@imdb.com,189.182.187.128,Khaki,2/11/2024,4141,55.2571473,42.2051732
263,ggeistmann7a@weebly.com,54.250.194.130,Mauv,11/19/2024,377,-8.3256099,112.256285
264,ktwinberrow7b@scribd.com,170.115.142.208,Purple,4/5/2024,865,22.0983236,-79.7231612
265,ckilleley7c@nationalgeographic.com,143.113.2.130,Yellow,11/29/2024,3934,47.4936583,21.66245
266,glunney7d@flavors.me,248.154.187.165,Teal,2/25/2024,2690,24.117102,117.613808
267,irounding7e@webnode.com,184.149.188.50,Green,8/31/2024,1241,11.4592378,104.9447261
268,gfuentes7f@dion.ne.jp,217.253.16.215,Pink,12/14/2024,361,44.34072,129.4828511
269,ewadlow7g@canalblog.com,127.78.81.50,Aquamarine,1/8/2024,4443,-6.3413734,106.5495683
270,bnayer7h@usda.gov,221.48.1.16,Green,2/1/2024,3321,25.823925,111.014357
271,rcrawforth7i@desdev.cn,87.67.237.217,Teal,7/24/2024,3939,60.6204071,25.8776098
272,dgilffilland7j@samsung.com,135.97.213.137,Pink,3/27/2024,594,38.2122481,140.3246377
273,omcgoon7k@merriam-webster.com,218.175.38.220,Fuscia,10/20/2024,4450,49.0130083,28.5042197
274,rmccarl7l@loc.gov,113.10.57.60,Khaki,2/10/2024,782,-7.2841,108.2148
275,cdurker7m@toplist.cz,57.181.93.171,Teal,3/21/2024,1456,42.5572675,20.3027502
276,ffrape7n@simplemachines.org,225.130.28.88,Khaki,7/22/2024,151,-33.0516935,-71.3906234
277,mgeely7o@amazonaws.com,227.171.226.161,Yellow,5/12/2024,4987,29.0825,48.13028
278,lfielding7p@youtube.com,5.224.133.221,Puce,5/31/2024,2399,26.567944,106.714374
279,cskewes7q@webs.com,58.21.59.24,Khaki,3/2/2024,2927,12.1929841,-61.7020265
280,jcopping7r@amazon.de,131.141.252.25,Goldenrod,1/4/2024,4431,13.5655838,7.0552218
281,efranciotti7s@ebay.com,50.52.199.127,Indigo,6/29/2024,2476,51.8909212,21.0863266
282,rkohrding7t@sakura.ne.jp,43.210.125.88,Red,7/8/2024,2778,-32.9285798,-60.6923382
283,croofe7u@yahoo.com,126.30.39.41,Blue,2/27/2024,3085,40.980653,122.726063
284,crichel7v@auda.org.au,220.160.217.84,Puce,8/27/2024,2223,15.6645764,120.7727197
285,bgilbey7w@woothemes.com,99.240.194.250,Green,10/25/2024,494,28.6559273,121.2198521
286,groelofsen7x@nyu.edu,97.167.136.25,Khaki,1/29/2024,1834,33.5450587,68.4173972
287,imcvey7y@ocn.ne.jp,248.250.141.221,Fuscia,12/30/2023,360,18.9120012,-70.7490939
288,vcarty7z@boston.com,190.111.153.52,Khaki,2/15/2024,4943,39.749144,116.143267
289,bknights80@chicagotribune.com,78.35.111.156,Violet,6/18/2024,3004,8.12722,122.845
290,jburchett81@house.gov,229.80.103.10,Aquamarine,11/20/2024,4254,-6.8780895,107.6422488
291,dclimpson82@pbs.org,230.175.58.211,Maroon,1/5/2024,3501,52.781689,6.9347107
292,kreade83@businessweek.com,147.162.225.202,Crimson,5/4/2024,4264,-25.1169056,-49.5076392
293,mculley84@simplemachines.org,187.41.41.249,Yellow,1/22/2024,1517,49.665033,30.9894691
294,atuffley85@studiopress.com,224.162.193.152,Fuscia,9/12/2024,4060,9.546414,122.521763
295,ljakaway86@joomla.org,11.18.150.27,Pink,2/28/2024,3614,7.6538679,-11.967619
296,iwhitaker87@epa.gov,169.242.233.28,Crimson,5/7/2024,1269,-8.7389984,116.4577466
297,lsealand88@tripadvisor.com,26.178.42.65,Mauv,2/1/2024,4189,47.2388995,29.3838141
298,cravilious89@ucsd.edu,59.180.176.198,Turquoise,4/16/2024,1371,14.641514,-61.0512822
299,nlghan8a@opensource.org,114.112.183.94,Turquoise,2/28/2024,3608,55.6613674,37.4429397
300,bnapolitano8b@example.com,107.42.58.60,Indigo,1/10/2024,1843,-14.3651534,-72.8778527
301,atabram8c@instagram.com,32.96.15.80,Turquoise,10/21/2024,679,48.9782015,4.3827303
302,tdrust8d@cloudflare.com,38.119.60.218,Violet,3/10/2024,3888,49.3268319,44.018505
303,jyoodall8e@redcross.org,199.170.226.108,Aquamarine,8/10/2024,1988,52.4500648,4.5789114
304,wdykes8f@marriott.com,122.119.230.113,Maroon,2/18/2024,3372,42.0130165,-88.099845
305,hshobrook8g@domainmarket.com,92.241.42.229,Green,6/6/2024,1000,34.536917,-4.6398693
306,wdarnody8h@newyorker.com,239.210.162.240,Fuscia,2/20/2024,3873,39.228905,117.101355
307,csquires8i@creativecommons.org,88.9.254.86,Maroon,11/10/2024,1946,33.157445,106.834805
308,rspofforth8j@amazonaws.com,192.47.177.105,Blue,8/16/2024,3843,51.5598572,-2.3523889
309,ajerratsch8k@is.gd,34.130.1.247,Turquoise,4/16/2024,2465,34.6830797,137.9865313
310,chouldin8l@seesaa.net,230.63.123.232,Red,5/13/2024,1098,0.9452075,-77.6534904
311,rwickson8m@statcounter.com,156.110.188.113,Crimson,4/2/2024,2227,-1.371775,-48.3854399
312,gmackeller8n@marriott.com,3.65.187.177,Mauv,1/17/2024,3605,40.42639,49.98361
313,rdedam8o@acquirethisname.com,119.175.235.52,Purple,12/30/2023,4250,37.309045,117.157183
314,jantonutti8p@delicious.com,199.83.112.40,Violet,3/17/2024,3236,27.706424,115.467884
315,coduane8q@ucsd.edu,68.119.212.147,Khaki,2/24/2024,3321,14.0134002,109.0547476
316,asunman8r@so-net.ne.jp,93.191.140.102,Indigo,8/9/2024,1197,-11.7088712,-40.5940565
317,brizzetti8s@angelfire.com,10.114.231.207,Khaki,8/22/2024,189,60.3763373,25.2708919
318,atyer8t@ask.com,120.128.200.42,Pink,5/14/2024,2289,55.7977131,38.439524
319,ogillian8u@youtube.com,13.197.105.254,Maroon,4/6/2024,1011,59.9981042,15.819769
320,jjanton8v@mapy.cz,93.214.222.173,Yellow,12/12/2024,282,-27.0052075,-51.154395
321,ltegeller8w@census.gov,79.167.184.146,Orange,3/7/2024,2783,-30.2355009,-61.7285757
322,ceddison8x@discuz.net,236.171.57.108,Maroon,1/7/2024,722,40.841536,22.9208045
323,visac8y@mashable.com,131.46.86.28,Yellow,7/15/2024,2171,12.261245,121.990929
324,iannon8z@marketwatch.com,14.178.216.100,Fuscia,11/13/2024,1614,22.603489,114.102406
325,cgofford90@woothemes.com,97.29.235.106,Purple,10/11/2024,3927,8.5493413,-71.2428737
326,ressery91@jalbum.net,233.122.61.81,Maroon,10/6/2024,4564,26.83411,116.490286
327,vcallendar92@irs.gov,14.232.25.228,Indigo,7/15/2024,481,30.5383451,117.0666454
328,hghidetti93@wix.com,219.69.171.236,Blue,5/29/2024,2152,12.8025919,45.0398942
329,gbedenham94@ox.ac.uk,38.101.9.100,Orange,8/18/2024,3684,40.2295229,-8.5664387
330,theining95@sohu.com,35.207.68.196,Yellow,5/18/2024,1237,36.02528,14.295
331,gbutlerbowdon96@reddit.com,231.84.249.165,Turquoise,12/23/2023,4574,13.7876294,101.3885001
332,jcrickett97@discuz.net,219.188.43.148,Aquamarine,5/17/2024,984,50.7338713,16.0708309
333,gvaughanhughes98@blinklist.com,82.150.226.135,Aquamarine,12/23/2023,3379,59.9399586,10.7217496
334,oalbrighton99@adobe.com,216.130.48.244,Turquoise,5/21/2024,969,-12.7787793,45.2237713
335,oroycroft9a@salon.com,145.218.20.99,Turquoise,9/1/2024,4823,23.6192598,-75.9695465
336,caistrop9b@apache.org,97.95.136.47,Turquoise,3/29/2024,3573,8.5311099,-80.3463754
337,tgoom9c@dell.com,166.88.234.91,Purple,2/23/2024,365,48.760482,16.9944668
338,sjentin9d@state.gov,216.216.50.244,Khaki,7/23/2024,2942,49.871007,17.8758236
339,rateridge9e@ca.gov,21.5.175.220,Pink,2/4/2024,2947,26.2285161,50.5860497
340,lossenna9f@ebay.co.uk,194.99.36.123,Goldenrod,8/28/2024,3546,5.9840985,116.0761121
341,rnormanell9g@gnu.org,134.108.44.140,Fuscia,6/3/2024,1855,-8.2334215,114.3787108
342,switherspoon9h@samsung.com,228.45.163.1,Pink,7/2/2024,2973,27.999411,115.932899
343,smonini9i@comsenz.com,81.173.117.181,Green,5/16/2024,3266,-12.5909084,-69.1963141
344,gstapford9j@instagram.com,160.56.13.213,Orange,9/17/2024,291,50.2770333,15.0197682
345,gdahlback9k@nhs.uk,144.219.125.214,Maroon,4/20/2024,3684,-29.1051592,-54.8731219
346,suppett9l@live.com,233.162.150.175,Green,9/4/2024,2039,28.791929,116.844706
347,dtwigley9m@wordpress.com,68.232.132.174,Green,4/10/2024,3160,48.392,38.60174
348,agianullo9n@illinois.edu,175.47.213.167,Crimson,1/16/2024,4297,-6.2265897,106.5153134
349,mkubek9o@deviantart.com,89.48.136.46,Teal,5/20/2024,611,14.5941382,121.0671868
350,mduck9p@about.com,75.3.35.71,Aquamarine,12/13/2024,4581,26.337937,115.36319
351,adoble9q@wp.com,130.23.109.59,Turquoise,6/26/2024,3974,49.1954831,16.2990752
352,krenfrew9r@google.ru,78.160.124.164,Orange,2/24/2024,244,39.7992062,44.7723968
353,ddabel9s@hc360.com,234.122.114.205,Blue,12/2/2024,3957,45.1903117,5.7286053
354,cbotten9t@google.cn,140.37.235.174,Aquamarine,12/7/2024,2771,-8.8828551,-36.4968966
355,gcomrie9u@multiply.com,130.162.116.0,Teal,2/15/2024,1141,44.2327226,20.9791382
356,lborless9v@telegraph.co.uk,236.198.141.113,Purple,8/28/2024,764,59.3573881,17.7347802
357,cruddell9w@google.com,52.218.236.157,Teal,3/27/2024,4780,27.615202,113.870729
358,mpragnell9x@wp.com,88.206.72.90,Blue,7/13/2024,1986,32.765421,-96.7413706
359,asimic9y@about.com,31.145.202.70,Crimson,11/20/2024,3317,57.3579277,61.6905815
360,jchasmar9z@guardian.co.uk,14.223.118.61,Pink,11/26/2024,801,43.3362822,3.2188961
361,pdyea0@marriott.com,145.138.70.57,Goldenrod,12/16/2024,4929,-6.6551319,105.8466437
362,cbuckthorpea1@g.co,62.93.44.158,Blue,11/29/2024,2801,30.007232,115.336359
363,wcolliholea2@wp.com,174.168.27.62,Violet,4/24/2024,2409,14.5660577,121.015242
364,vcottinghama3@wix.com,84.236.19.177,Crimson,2/15/2024,1708,58.1484742,14.7352235
365,truddella4@house.gov,20.86.176.60,Pink,6/7/2024,3728,-6.6876798,111.4782661
366,rlardera5@360.cn,18.134.50.143,Pink,11/21/2024,4714,11.0465171,14.1407948
367,cswatridgea6@odnoklassniki.ru,47.206.38.128,Orange,2/27/2024,368,55.6646665,12.5436481
368,egerbera7@about.com,32.94.122.71,Mauv,2/26/2024,715,-5.7421752,105.6647142
369,cklimkiewicha8@nyu.edu,131.210.207.169,Red,12/7/2024,3609,49.6619465,-112.8149467
370,ckingslya9@ning.com,193.1.40.83,Red,11/13/2024,1447,15.2884878,120.5714361
371,estandallaa@nba.com,27.42.188.206,Indigo,9/21/2024,925,11.463645,122.7992318
372,kcurnowab@flavors.me,101.194.82.167,Puce,11/2/2024,4183,46.0972432,-77.494026
373,brosenkrantzac@facebook.com,146.196.150.238,Puce,5/31/2024,497,-19.8073042,-44.1815176
374,ffleyad@redcross.org,226.78.236.51,Pink,7/30/2024,2943,-9.7386858,120.182022
375,jdeinhardae@live.com,177.126.111.192,Turquoise,5/17/2024,1325,16.9894215,120.5350021
376,aselwayaf@epa.gov,75.136.62.138,Green,7/9/2024,824,48.8610504,2.3237084
377,htrathanag@networkadvertising.org,168.14.247.189,Fuscia,2/2/2024,129,-8.6282191,116.4636472
378,sredgraveah@buzzfeed.com,146.116.108.211,Maroon,6/29/2024,806,50.3838631,25.7085224
379,upriddleai@t.co,67.59.248.193,Fuscia,5/19/2024,673,56.4482379,21.5989599
380,yreardonaj@vinaora.com,108.63.93.65,Turquoise,2/12/2024,3477,31.035395,112.199427
381,tvlasovak@a8.net,153.17.167.0,Pink,11/16/2024,4827,39.525207,117.711487
382,acoomal@ebay.co.uk,134.147.177.106,Turquoise,1/25/2024,1955,24.025746,108.355335
383,vduddenam@soundcloud.com,94.41.91.89,Violet,3/2/2024,1635,16.2463509,120.9986275
384,ghorsefieldan@mapy.cz,37.182.198.237,Pink,4/1/2024,4665,43.4945737,5.8978018
385,dlannenao@bandcamp.com,210.10.163.234,Pink,2/10/2024,3400,13.8274278,100.3666326
386,haveyap@dion.ne.jp,131.210.33.159,Turquoise,8/21/2024,3438,16.7949714,-99.3883874
387,elivesayaq@sun.com,127.61.156.225,Violet,7/25/2024,4892,23.12911,113.264385
388,rrodellar@digg.com,25.44.196.199,Khaki,10/17/2024,898,38.508271,-28.51476
389,iellinoras@github.com,155.86.43.47,Red,9/22/2024,4543,12.13333,-68.26667
390,egaudinat@reuters.com,153.129.146.213,Green,5/23/2024,388,41.0911538,44.6590356
391,hpriestnerau@woothemes.com,159.183.228.173,Orange,8/20/2024,759,55.7133263,37.8049211
392,pcanonav@yellowpages.com,205.80.116.128,Crimson,12/2/2024,3174,-21.0156896,-48.7794089
393,pcufflinaw@free.fr,193.64.23.31,Fuscia,8/13/2024,4253,14.5008343,121.0485932
394,melderfieldax@myspace.com,58.150.73.21,Aquamarine,6/23/2024,4653,-6.1341119,107.1839024
395,srobathamay@wp.com,199.18.93.116,Maroon,12/31/2023,4016,-27.01139,-49.5483671
396,cbestmanaz@ox.ac.uk,251.54.103.55,Goldenrod,10/20/2024,2675,58.3858079,24.4965768
397,hduffreeb0@privacy.gov.au,173.253.33.223,Violet,12/11/2024,761,41.7371087,20.3241791
398,lvasyutkinb1@google.com.hk,239.5.182.156,Indigo,10/4/2024,2735,59.305486,18.0023078
399,fbuckerfieldb2@utexas.edu,76.26.85.12,Crimson,10/14/2024,979,30.74774,67.70846
400,jsidnellb3@behance.net,66.154.221.91,Turquoise,12/16/2024,3506,28.2068263,68.3682111
401,dlickessb4@xrea.com,180.212.177.58,Yellow,9/12/2024,3987,8.5273038,-82.7994194
402,kvlasenkovb5@unblog.fr,250.176.121.188,Fuscia,5/16/2024,3061,2.449478,-75.772917
403,ldoomanb6@paypal.com,40.39.16.86,Indigo,5/7/2024,4746,51.3948213,6.6518329
404,scoyishb7@examiner.com,142.30.235.146,Turquoise,10/6/2024,3315,49.4643925,36.8584805
405,kgullifordb8@slideshare.net,87.221.180.244,Pink,5/11/2024,4487,52.4725764,104.4039141
406,playthamb9@godaddy.com,184.91.223.144,Pink,4/9/2024,1276,56.7653841,60.665967
407,cbowenba@nbcnews.com,35.59.60.129,Pink,8/14/2024,4917,16.9535975,103.8680047
408,pnayshebb@123-reg.co.uk,180.91.45.51,Mauv,1/8/2024,3004,43.4931556,5.3698187
409,estrussbc@sphinn.com,112.220.1.226,Red,6/24/2024,1558,42.4782102,78.3955986
410,kwhistancebd@indiegogo.com,55.100.126.32,Fuscia,12/12/2024,715,49.8338541,36.3240107
411,lgurrbe@altervista.org,88.186.220.28,Orange,10/8/2024,1918,41.5212778,-8.1366948
412,tdemanuelebf@mozilla.org,97.218.177.113,Goldenrod,10/12/2024,2039,-8.2151612,112.6109257
413,mlinebargerbg@nasa.gov,212.251.53.173,Aquamarine,1/20/2024,494,41.3199734,-7.9720237
414,tpickthornbh@cdc.gov,211.137.181.116,Khaki,11/16/2024,799,52.35536,16.519559
415,rcroanbi@weebly.com,6.87.229.172,Red,12/2/2024,4957,-30.85775,29.85391
416,lchritchlowbj@merriam-webster.com,155.73.252.82,Orange,6/23/2024,4209,28.225095,116.549282
417,kborgesbk@devhub.com,230.177.235.131,Blue,3/6/2024,4773,41.1112427,-7.2005033
418,cblownebl@google.ca,130.9.200.54,Pink,1/26/2024,2975,20.0844095,105.3760604
419,mundybm@redcross.org,81.193.186.110,Aquamarine,6/30/2024,4396,46.1659122,14.5719694
420,fmorotbn@printfriendly.com,139.87.47.172,Violet,5/12/2024,1377,-6.813931,108.1784455
421,hwhymanbo@cyberchimps.com,46.198.97.40,Fuscia,2/14/2024,229,59.305486,18.0023078
422,jparrishbp@pagesperso-orange.fr,154.131.81.103,Puce,6/28/2024,2163,48.5239429,37.7075811
423,gfilipiakbq@nps.gov,205.246.25.43,Blue,2/8/2024,2284,44.6441724,-63.6010175
424,kbrydenbr@infoseek.co.jp,181.229.105.139,Khaki,7/8/2024,3172,32.644902,120.353259
425,alatchmorebs@geocities.jp,41.224.228.145,Turquoise,9/5/2024,2411,40.0087986,-7.8461427
426,abaterbt@sbwire.com,169.22.239.229,Blue,5/3/2024,4812,13.1806725,-16.7559004
427,bbeynkebu@google.ru,142.223.241.99,Red,5/21/2024,4725,11.4864025,-69.3503307
428,btylerbv@buzzfeed.com,160.222.184.197,Khaki,10/12/2024,673,-8.1075296,110.8440632
429,vbaldockbw@bluehost.com,100.68.86.119,Blue,6/28/2024,564,13.5709049,123.3833727
430,lsydrybx@dailymail.co.uk,49.208.234.181,Maroon,7/26/2024,3252,30.3608801,31.3793398
431,kmarvellby@aol.com,162.68.138.149,Violet,9/7/2024,2999,11.7072355,11.0824912
432,skleinertbz@seesaa.net,81.119.139.102,Blue,3/9/2024,4033,6.4360112,-73.28833
433,obertiec0@icq.com,9.130.34.125,Turquoise,1/30/2024,4328,-5.9317384,-77.2261452
434,aheretyc1@icq.com,221.48.215.73,Aquamarine,12/8/2024,847,-11.1374632,-77.1973997
435,cburhillc2@php.net,92.28.24.243,Indigo,3/15/2024,3452,18.8478608,-99.1843676
436,lolubyc3@youku.com,73.38.223.134,Red,2/19/2024,1871,35.1595454,126.8526012
437,gwhipplec4@cnet.com,157.203.151.156,Orange,10/29/2024,4296,48.5851876,7.7342943
438,hboycottc5@163.com,40.183.114.27,Yellow,3/5/2024,3465,43.6953508,7.2559678
439,fbaystonc6@csmonitor.com,245.8.22.56,Teal,11/12/2024,1874,16.9691793,104.5311438
440,ejacobszc7@upenn.edu,63.132.205.170,Green,8/16/2024,3271,3.9572072,126.6795425
441,mdeluciac8@tuttocitta.it,22.186.77.206,Maroon,6/7/2024,2932,34.6322209,137.1581462
442,fgrisedalec9@wiley.com,81.92.193.105,Maroon,12/11/2024,4101,15.6729353,0.5045206
443,nskellionca@com.com,186.161.78.255,Goldenrod,7/27/2024,596,50.4086421,36.8953954
444,rodowdcb@auda.org.au,90.254.29.173,Maroon,8/28/2024,4666,5.8330136,-72.9342451
445,blivencc@cbsnews.com,178.196.179.227,Purple,12/14/2024,2113,-10.2122281,-36.8371852
446,econkiecd@g.co,240.243.197.109,Teal,8/6/2024,1105,56.7423811,61.7593478
447,tcaccavarice@cnn.com,197.64.12.159,Maroon,8/23/2024,3073,45.5998896,19.1802788
448,bfusseycf@prnewswire.com,102.201.164.18,Goldenrod,5/23/2024,2745,14.0654264,100.6473542
449,adissmancg@nymag.com,247.187.149.182,Violet,9/13/2024,2718,-6.8506475,-76.3440537
450,cledwidgech@bbb.org,180.245.224.45,Yellow,4/24/2024,1875,0.4994734,101.4095405
451,dbrownlowci@amazon.co.uk,107.62.232.54,Orange,12/23/2023,2463,-10.9564306,-76.933337
452,hkohencj@ezinearticles.com,247.69.42.244,Orange,12/2/2024,646,-6.615755,106.4111425
453,idaborneck@marriott.com,76.215.211.247,Blue,11/5/2024,3367,54.9066121,70.4574593
454,ekmietschcl@gnu.org,60.64.79.21,Aquamarine,1/30/2024,4425,23.1271241,-82.3261977
455,hruddickcm@myspace.com,54.55.85.110,Fuscia,9/27/2024,1478,31.385597,120.980736
456,hdelaprellecn@tmall.com,37.36.24.127,Orange,2/12/2024,1905,-4.1164768,-38.6949149
457,bellettco@senate.gov,216.100.107.56,Pink,7/13/2024,2773,-34.7515751,-58.6433338
458,jdobbscp@accuweather.com,160.66.161.15,Teal,7/24/2024,822,-7.9128478,39.6647178
459,africkcq@ed.gov,240.142.12.19,Purple,5/18/2024,1987,25.941937,117.365052
460,mstanistretecr@networkadvertising.org,20.43.220.67,Green,10/6/2024,3886,-8.6854551,115.2623991
461,smcilroycs@dell.com,233.118.5.76,Turquoise,9/24/2024,718,39.8783781,116.0313067
462,blittledykect@delicious.com,192.29.30.182,Yellow,12/1/2024,1567,3.5897715,103.3475743
463,tcurnickcu@yale.edu,10.7.29.233,Goldenrod,9/20/2024,3205,13.7401075,-87.7135671
464,kbroadbearcv@elpais.com,105.248.161.241,Teal,6/25/2024,4822,39.20892,112.68142
465,dquinanecw@a8.net,23.99.246.70,Purple,8/31/2024,1210,15.0588316,-90.2437592
466,pskettlescx@phpbb.com,126.71.172.63,Purple,2/14/2024,4554,-32.9481877,-53.9378421
467,rgodoncy@umn.edu,213.183.204.206,Teal,10/18/2024,4408,48.7885683,2.3884283
468,jjeromsoncz@newsvine.com,84.29.60.253,Puce,1/15/2024,4838,51.5969624,54.1584621
469,okemmed0@bloglines.com,155.16.123.153,Fuscia,4/9/2024,1581,30.453667,114.872199
470,lwinchd1@over-blog.com,215.48.239.35,Crimson,3/11/2024,2176,34.480174,108.43041
471,hpollittd2@vkontakte.ru,31.24.26.202,Violet,4/12/2024,499,32.435435,105.843357
472,gcokayned3@reddit.com,83.41.99.71,Goldenrod,10/17/2024,2345,16.9296881,-89.8909572
473,hbrunnd4@seesaa.net,196.39.198.32,Fuscia,8/3/2024,563,-7.0138053,108.5700636
474,nmeadd5@china.com.cn,189.181.151.43,Red,10/21/2024,1252,31.2889778,121.3464267
475,mcurlingd6@4shared.com,207.247.108.241,Indigo,8/26/2024,2892,41.3427327,-8.5959297
476,rmanketelld7@wikimedia.org,85.125.203.44,Puce,2/13/2024,4947,33.5590518,71.4915293
477,tventomd8@usa.gov,74.81.80.113,Turquoise,3/14/2024,2514,29.421736,105.682385
478,mgrigorievd9@cbslocal.com,56.168.84.29,Indigo,5/27/2024,4612,55.8038507,38.9815138
479,ntarbettda@princeton.edu,252.229.42.67,Crimson,12/28/2023,4731,35.066619,116.311532
480,rmcpartlindb@eepurl.com,103.235.169.70,Puce,10/31/2024,3210,14.6181466,120.9818412
481,glanglaisdc@sphinn.com,176.114.150.13,Mauv,1/10/2024,3026,38.1861536,140.6675584
482,tpikedd@epa.gov,51.115.69.167,Goldenrod,4/1/2024,1559,40.130347,116.65465
483,jcorryerde@jimdo.com,17.173.206.130,Indigo,9/13/2024,2851,41.8434818,21.1051021
484,lkollaschdf@pagesperso-orange.fr,47.243.210.141,Khaki,2/4/2024,343,16.416095,120.596202
485,bdanilyukdg@apache.org,238.254.117.84,Turquoise,12/4/2024,659,12.151801,9.0571089
486,nboothroyddh@wikia.com,109.122.249.230,Mauv,12/20/2023,4947,29.4099289,120.1289162
487,tguthriedi@is.gd,205.117.7.139,Maroon,5/19/2024,3578,-7.0961619,108.3771645
488,twaynedj@cargocollective.com,49.230.242.38,Orange,4/10/2024,677,40.784544,110.321723
489,dalenichevdk@webmd.com,189.77.4.85,Maroon,12/18/2023,1936,12.2257507,4.3822109
490,ealesbrookdl@ycombinator.com,246.107.233.87,Aquamarine,6/15/2024,2059,40.6027503,22.9896482
491,acansdaledm@ustream.tv,248.52.165.27,Crimson,7/23/2024,4989,-12.2,-75.416667
492,ssellmandn@umich.edu,147.207.238.187,Red,11/5/2024,1805,-18.1380146,30.147383
493,lgerarddo@angelfire.com,145.201.159.212,Mauv,4/8/2024,3375,9.7457208,123.8401962
494,avoletdp@canalblog.com,132.89.30.124,Yellow,10/3/2024,4393,49.5931724,17.1260751
495,gvinasdq@nhs.uk,208.229.147.60,Indigo,12/6/2024,1909,45.5080397,-73.564543
496,apoveydr@ifeng.com,230.186.151.148,Fuscia,5/21/2024,2394,32.3196827,15.1025075
497,mcurstonds@tumblr.com,15.249.123.74,Teal,5/11/2024,2249,39.442222,112.464886
498,cjuettdt@twitter.com,26.158.77.25,Crimson,8/15/2024,1790,55.706586,37.5186129
499,ffaasdu@feedburner.com,72.144.124.45,Turquoise,6/2/2024,4850,26.0952694,119.3062749
500,pputtandv@businessweek.com,26.130.121.220,Blue,2/20/2024,1498,50.3473476,15.9014886
501,cdallossodw@networkadvertising.org,172.11.91.62,Khaki,11/5/2024,4189,38.05106,114.463347
502,riianondx@mtv.com,124.189.158.134,Orange,1/24/2024,4060,49.2803655,-0.2062549
503,mstarbeckdy@qq.com,179.69.27.19,Turquoise,7/26/2024,1533,37.9209684,21.2374124
504,dtondeurdz@vkontakte.ru,110.189.124.150,Aquamarine,5/29/2024,4881,30.845968,104.408801
505,zverricke0@yahoo.co.jp,55.61.136.48,Fuscia,9/11/2024,3149,35.1099953,-2.7307058
506,sdohertye1@amazon.co.jp,114.132.95.195,Orange,9/26/2024,614,-29.8224312,27.2388161
507,agadiee2@blogs.com,186.153.66.187,Yellow,2/2/2024,1602,50.0105928,12.624753
508,gtreecee3@mayoclinic.com,193.195.168.127,Crimson,12/3/2024,4048,25.2527,110.317826
509,awernye4@qq.com,93.1.252.72,Mauv,11/29/2024,148,50.564305,21.8827302
510,emontacutee5@msn.com,99.62.117.57,Teal,7/31/2024,4652,0.0208039,-51.0678473
511,aswanniee6@studiopress.com,54.129.79.52,Maroon,2/10/2024,4652,40.9178949,-8.4250467
512,ccotesforde7@bbb.org,168.28.83.244,Khaki,11/9/2024,4634,1.5073967,21.0728664
513,kwaughe8@zimbio.com,103.196.144.87,Purple,7/20/2024,3907,26.665617,119.547932
514,rturbitte9@archive.org,124.159.97.170,Yellow,5/12/2024,3034,-8.0212573,-77.7294705
515,fkinchleaea@slate.com,141.176.35.12,Red,4/24/2024,3008,5.8294025,-75.9928971
516,efellenoreb@auda.org.au,90.14.75.141,Maroon,11/15/2024,4827,17.652881,121.650701
517,tbenasikec@goodreads.com,204.140.14.224,Red,5/13/2024,4949,-10.3503897,-36.6741487
518,slorneed@patch.com,42.163.4.56,Blue,12/27/2023,148,14.3545083,47.0802023
519,scapellee@mashable.com,209.216.109.169,Purple,2/1/2024,2480,48.8057333,2.5333077
520,rskeeneef@spotify.com,229.99.192.194,Mauv,9/5/2024,1610,10.9820744,124.9525053
521,cborleaseeg@weather.com,221.125.243.5,Goldenrod,5/14/2024,4284,41.5051316,-8.3877778
522,amattiseh@thetimes.co.uk,44.249.197.115,Crimson,1/29/2024,2008,38.4099999,-82.4599999
523,pshereei@paginegialle.it,104.77.103.157,Turquoise,2/27/2024,1134,-21.5950536,-48.8163705
524,apetrouej@google.com.br,152.207.247.218,Khaki,9/17/2024,4412,35.215892,113.241823
525,agiabucciek@ox.ac.uk,21.148.68.84,Aquamarine,8/5/2024,1282,19.782027,-99.0598732
526,pfittesel@independent.co.uk,248.47.92.131,Teal,9/23/2024,1158,48.0282789,38.7656121
527,rhamlenem@odnoklassniki.ru,57.187.222.86,Violet,5/7/2024,1020,-0.272699,36.3775152
528,mhambrooken@dot.gov,240.90.214.94,Orange,3/17/2024,1927,-38.6816248,-62.2841378
529,lplowrighteo@washingtonpost.com,51.129.238.75,Green,5/28/2024,2614,54.2787562,18.5760979
530,ldensieep@seesaa.net,136.238.166.204,Teal,11/28/2024,518,56.493108,56.2088361
531,pcrudgingtoneq@myspace.com,172.69.50.180,Aquamarine,5/31/2024,1976,-15.813904,-43.3043938
532,tmccoughaner@goo.ne.jp,57.83.6.31,Red,1/24/2024,2495,38.7519042,-9.4389381
533,acoghilles@rakuten.co.jp,211.184.112.176,Khaki,1/18/2024,3901,25.904305,112.203287
534,jharmstonet@va.gov,194.248.189.107,Crimson,5/9/2024,4266,36.0558208,40.731064
535,mlumsdaineeu@github.com,91.160.168.215,Puce,9/15/2024,618,-3.446207,30.2512728
536,oshyresev@irs.gov,228.69.186.173,Blue,2/11/2024,2760,-21.1291403,-42.3702252
537,dfardenew@nps.gov,128.77.191.220,Orange,12/23/2023,3949,24.4670098,118.0855763
538,aforwardex@mac.com,82.174.197.99,Yellow,3/21/2024,781,29.7136436,72.49695
539,adowney@spotify.com,46.168.150.146,Pink,2/14/2024,2249,53.2625544,19.826521
540,lkleineez@theguardian.com,254.168.96.170,Teal,1/1/2024,4075,48.8117212,29.9738949
541,bviversf0@si.edu,8.162.206.149,Teal,7/24/2024,2724,11.01088,6.798413
542,wcoupef1@unblog.fr,249.39.1.38,Orange,7/9/2024,4542,38.6816201,-9.1534942
543,epudanf2@amazon.de,220.125.249.90,Khaki,4/15/2024,4724,49.6617919,32.0477111
544,stregunnahf3@nature.com,202.73.55.235,Purple,8/26/2024,1990,-23.119901,-134.9702654
545,mcockneyf4@tinypic.com,230.189.192.205,Green,8/8/2024,4967,14.24512,-87.958061
546,cterransf5@prweb.com,236.47.104.15,Indigo,6/10/2024,2932,-3.3472662,120.3089541
547,jswateridgef6@cnn.com,167.155.46.180,Aquamarine,8/8/2024,1083,48.7855359,2.0425663
548,adurnof7@businessweek.com,105.37.229.232,Fuscia,9/8/2024,1477,10.1579312,-67.9972104
549,schadwellf8@spotify.com,115.172.221.103,Fuscia,5/16/2024,1599,-6.4610391,106.6989632
550,jbalchinf9@kickstarter.com,208.5.123.97,Crimson,1/29/2024,2874,12.3390296,-83.6747342
551,oaspinalfa@bizjournals.com,223.57.66.129,Blue,1/28/2024,4182,52.1527462,-106.5473023
552,ledmonstonefb@blinklist.com,14.24.11.28,Turquoise,10/29/2024,654,38.0423558,23.6842658
553,lworgenfc@miibeian.gov.cn,16.41.32.80,Yellow,3/31/2024,2441,-39.6241126,176.8270545
554,tguerrifd@tripod.com,77.251.96.172,Red,1/17/2024,2965,7.0036001,122.0927415
555,larthursfe@wikispaces.com,64.108.201.197,Indigo,5/3/2024,4333,48.830394,2.2372823
556,dcollinff@indiegogo.com,50.56.210.149,Fuscia,9/13/2024,3941,31.5545599,120.1398158
557,bgroutfg@tripod.com,178.225.170.36,Red,1/30/2024,298,36.457599,111.439528
558,cbellellifh@issuu.com,38.169.167.147,Blue,10/25/2024,3448,-23.5266796,-51.8311441
559,lantuonifi@blogs.com,116.202.255.198,Pink,6/3/2024,1922,38.070311,114.411459
560,ebuckmasterfj@so-net.ne.jp,121.190.202.233,Orange,5/22/2024,4221,36.7555943,139.5763839
561,bshaxbyfk@sciencedaily.com,25.22.192.170,Yellow,7/25/2024,1378,40.6,-75.47
562,paingerfl@nhs.uk,249.242.220.242,Indigo,8/16/2024,399,-34.8176238,-56.0182019
563,dgilpillanfm@amazon.co.uk,240.104.160.205,Orange,7/10/2024,1437,64.3018789,19.6203523
564,abrewardfn@hud.gov,196.83.210.167,Puce,4/2/2024,3073,25.710538,116.754472
565,pbensonfo@gravatar.com,128.105.229.100,Maroon,5/15/2024,4921,19.2926509,-99.6487518
566,rlovejoyfp@wisc.edu,21.204.216.246,Maroon,8/28/2024,1761,-6.5573445,107.4292386
567,kjacksfq@php.net,164.238.78.112,Red,11/7/2024,3851,38.9550335,-9.1331143
568,everbruggenfr@geocities.com,227.147.140.13,Maroon,2/3/2024,1117,-7.0976672,109.0215438
569,aorrellfs@berkeley.edu,2.41.66.50,Violet,2/16/2024,199,36.854973,81.516355
570,jknutsenft@webnode.com,162.8.1.222,Pink,3/21/2024,1086,54.7318321,28.0605963
571,ischniederfu@earthlink.net,151.133.194.241,Indigo,11/1/2024,4086,44.1136058,43.0824192
572,cspellesyfv@springer.com,178.21.93.110,Green,10/21/2024,395,32.890479,115.814504
573,brebouletfw@comsenz.com,36.156.1.135,Green,4/26/2024,4566,49.0720139,142.049308
574,jsissonsfx@berkeley.edu,169.201.45.141,Violet,4/21/2024,3440,14.8215286,-89.3904407
575,seastonfy@digg.com,86.47.17.138,Orange,9/10/2024,3503,37.467686,121.153674
576,tseebornefz@constantcontact.com,44.194.56.195,Khaki,3/28/2024,1502,13.3050684,-87.8660235
577,bmacakg0@sakura.ne.jp,119.53.15.63,Mauv,7/27/2024,2650,13.7060822,107.0303221
578,rmcilmorowg1@berkeley.edu,213.212.102.20,Yellow,11/10/2024,2929,4.7406191,7.0848063
579,skelceyg2@netscape.com,129.153.142.125,Purple,2/12/2024,2601,51.1610189,17.9045829
580,hcosseyg3@sbwire.com,83.83.73.66,Blue,10/9/2024,1012,34.675197,103.498609
581,theindrickg4@buzzfeed.com,131.91.98.116,Green,7/24/2024,2424,9.9153112,123.6091507
582,aizzettg5@meetup.com,12.104.110.194,Pink,9/26/2024,519,23.718461,113.734823
583,mlombg6@ycombinator.com,20.100.23.159,Red,7/10/2024,2129,6.0151191,101.951925
584,flempelg7@hostgator.com,238.110.227.34,Aquamarine,8/13/2024,4468,-7.898852,111.9284017
585,dverrallg8@berkeley.edu,60.83.249.152,Fuscia,7/24/2024,1617,47.9644609,106.8254167
586,jmarcomeg9@cloudflare.com,216.95.102.79,Violet,3/29/2024,104,55.5934626,37.1554477
587,hmaccarterga@yellowbook.com,141.195.23.194,Turquoise,9/12/2024,931,3.64333,97.46279
588,ctaddgb@google.ru,205.241.100.88,Red,2/6/2024,648,32.321458,34.853196
589,adimitriougc@feedburner.com,125.64.5.76,Violet,4/28/2024,4942,32.060255,118.796877
590,mseifgd@adobe.com,230.163.203.239,Orange,10/17/2024,2913,30.3276652,-81.6631259
591,hbergetge@cisco.com,164.153.43.61,Aquamarine,3/16/2024,2388,8.016667,-80.45
592,rchallenergf@cargocollective.com,43.200.246.62,Goldenrod,5/7/2024,3437,22.884044,112.145432
593,jmuttockgg@oakley.com,127.105.234.89,Crimson,1/15/2024,2934,28.801077,108.102703
594,jbrownegh@accuweather.com,117.2.7.128,Purple,7/23/2024,3047,47.335609,142.5504149
595,igarrochgi@ucla.edu,153.213.74.248,Fuscia,12/15/2024,4807,41.3281534,-8.1222717
596,mcamackegj@huffingtonpost.com,209.115.129.127,Maroon,12/9/2024,1319,52.0393765,4.3161176
597,dglanceygk@xrea.com,217.107.196.56,Goldenrod,7/31/2024,3278,33.9516114,-118.3875775
598,fhammandgl@histats.com,8.94.127.181,Khaki,2/10/2024,2221,11.562733,124.3973046
599,meastmangm@ed.gov,175.54.107.64,Goldenrod,1/11/2024,3037,10.9357,122.4932
600,agraebergn@buzzfeed.com,179.186.57.219,Purple,3/20/2024,2368,58.8049634,17.1339232
601,gflanigango@census.gov,205.233.218.90,Khaki,5/22/2024,1072,31.532311,119.567785
602,acutajargp@t.co,206.52.184.43,Yellow,8/12/2024,4170,55.8876933,48.3613188
603,hadshedgq@soundcloud.com,23.78.156.179,Pink,2/18/2024,4751,-21.9221397,-50.7317774
604,ntheoboldgr@linkedin.com,238.210.87.253,Orange,12/23/2023,2757,18.5344284,120.7961471
605,rvlahosgs@google.com.au,220.203.81.31,Violet,1/28/2024,3369,45.130739,85.05131
606,nchadburngt@devhub.com,231.247.112.6,Turquoise,7/9/2024,3501,-34.6674349,-63.3785604
607,lduferiegu@disqus.com,244.104.47.253,Mauv,3/22/2024,312,34.4045029,132.5485088
608,adochongv@google.com.au,228.218.89.49,Fuscia,11/12/2024,4321,-8.1095216,111.8330962
609,imattiagw@washington.edu,178.240.139.187,Green,9/18/2024,1819,66.1204228,76.6925385
610,mhelksgx@miibeian.gov.cn,194.207.85.44,Orange,3/25/2024,157,51.6455857,39.2435026
611,apetlyuragy@trellian.com,160.158.251.164,Pink,6/11/2024,2169,58.222051,11.9182903
612,wblibengz@t-online.de,233.140.53.133,Purple,5/16/2024,2447,38.8179787,-9.3854336
613,hgwilth0@hao123.com,155.249.232.225,Khaki,1/30/2024,2601,30.572815,104.066801
614,akleinbaumh1@drupal.org,32.123.50.5,Fuscia,11/9/2024,3989,-14.16568,-72.658867
615,dbanbridgeh2@wikimedia.org,48.12.104.215,Violet,11/22/2024,1144,-26.4527477,31.0421102
616,vhalpenh3@yale.edu,43.98.29.18,Puce,10/19/2024,2784,7.1809842,7.9797219
617,fsherratth4@ox.ac.uk,112.135.21.155,Khaki,6/29/2024,1504,38.253338,109.503758
618,acloyh5@toplist.cz,124.243.81.26,Fuscia,9/10/2024,3146,33.6523096,-86.7114545
619,ldurmanh6@who.int,226.200.185.250,Indigo,6/4/2024,2739,-7.2087854,112.7479862
620,ccamillettih7@123-reg.co.uk,67.247.33.187,Aquamarine,9/11/2024,3721,36.545015,104.138586
621,kneillansh8@ucoz.com,209.229.176.45,Blue,7/15/2024,4564,37.4475393,25.3912281
622,lverneyh9@reverbnation.com,77.72.202.181,Yellow,9/13/2024,1211,-10.1555651,-77.4397297
623,thasluckha@census.gov,64.181.237.105,Blue,4/21/2024,4122,10.5894439,-67.0494378
624,jferrarahb@weibo.com,54.88.43.32,Crimson,6/26/2024,4779,22.974898,113.993115
625,blathburyhc@hp.com,30.85.236.58,Blue,12/26/2023,1647,45.0575208,20.1945283
626,dpurtonhd@princeton.edu,13.187.55.182,Indigo,11/1/2024,984,46.4086282,16.1508154
627,jloughreyhe@ihg.com,198.70.238.79,Mauv,2/27/2024,736,24.625561,118.431541
628,kwandtkehf@symantec.com,84.142.130.107,Green,11/6/2024,3079,10.3895862,-71.4692843
629,hmathieuhg@amazon.co.jp,129.22.10.124,Violet,7/29/2024,4829,-0.3172669,100.4367235
630,halfonsettihh@constantcontact.com,165.115.108.126,Fuscia,6/8/2024,648,41.226934,-8.3815652
631,sdyzarthi@drupal.org,161.131.106.98,Red,3/4/2024,114,24.0993614,115.2778465
632,hleighfieldhj@economist.com,129.20.93.12,Crimson,1/26/2024,737,-29.2581646,-51.5289168
633,dpiggremhk@jugem.jp,117.255.67.44,Maroon,1/20/2024,1815,46.4830794,4.6072477
634,slathayehl@i2i.jp,217.19.120.213,Green,12/4/2024,3663,31.65051,35.17001
635,momarhm@dailymotion.com,249.130.9.188,Goldenrod,2/16/2024,3776,38.6271104,-9.0346456
636,areuvenhn@pen.io,164.153.190.12,Blue,7/22/2024,4707,-1.8867371,-44.813111
637,tdymokeho@spiegel.de,88.17.235.151,Yellow,1/31/2024,1850,40.6205598,-8.5468762
638,ovasiljevichp@senate.gov,179.76.166.105,Aquamarine,5/26/2024,1573,38.46613,68.80533
639,palldridgehq@scientificamerican.com,21.177.126.247,Turquoise,2/15/2024,2718,3.6130855,96.9182301
640,kcuppleditchhr@chron.com,139.250.69.223,Puce,1/27/2024,1649,-7.4133512,108.0687579
641,kmaymanhs@deviantart.com,184.246.68.9,Mauv,4/5/2024,3449,-6.8861034,107.3661435
642,minglestonht@bluehost.com,226.125.73.164,Orange,6/24/2024,949,39.0862753,-28.0156811
643,barendhu@telegraph.co.uk,66.65.162.138,Khaki,1/13/2024,3397,58.4592933,11.6761027
644,jdigiacomohv@tripod.com,66.42.35.220,Teal,12/5/2024,3495,15.613097,120.438477
645,mtomalinhw@creativecommons.org,92.87.37.147,Yellow,1/24/2024,4484,52.4818411,19.2910855
646,clippinihx@google.ca,89.78.128.77,Mauv,11/22/2024,3955,41.0423985,21.3607894
647,mdeclerchy@free.fr,34.91.67.80,Blue,4/16/2024,954,32.19828,119.47016
648,cdrakehz@booking.com,175.192.210.121,Red,4/11/2024,613,47.9318074,5.2893597
649,jbushelli0@usda.gov,214.12.98.228,Turquoise,9/30/2024,2552,48.6277459,2.4381665
650,twoofi1@fema.gov,196.76.106.237,Goldenrod,10/6/2024,288,49.5873403,20.809162
651,lfulbrooki2@ehow.com,131.125.161.220,Blue,10/14/2024,4375,45.9166015,18.9673241
652,losmundi3@geocities.jp,95.195.151.208,Yellow,1/19/2024,687,36.0486399,140.2051504
653,bknivetti4@ucsd.edu,20.215.194.80,Crimson,4/4/2024,667,31.074834,109.879153
654,ahairi5@usnews.com,32.2.67.50,Puce,9/24/2024,1892,30.741991,121.341969
655,nmcindrewi6@pcworld.com,21.111.226.251,Yellow,12/27/2023,1531,23.3941709,116.7164574
656,mtowsoni7@archive.org,120.221.68.50,Maroon,3/8/2024,4290,-8.8221596,33.8425243
657,lmicklewiczi8@dropbox.com,62.161.248.136,Purple,6/25/2024,1375,-2.164898,31.5370003
658,bschiefersteni9@imageshack.us,209.107.222.114,Pink,9/26/2024,443,-8.5453,115.0752
659,dreisenia@delicious.com,181.175.228.124,Khaki,2/4/2024,398,14.4050979,100.464947
660,ekeattchib@jigsy.com,37.233.230.96,Purple,7/18/2024,4220,-8.639266,122.281829
661,mirlamic@123-reg.co.uk,154.189.145.134,Crimson,1/7/2024,155,29.4743666,-98.5165167
662,dringsid@imdb.com,137.8.75.110,Green,4/7/2024,3643,9.8996343,124.2844697
663,hhoolaghanie@simplemachines.org,33.251.106.148,Mauv,10/5/2024,1496,65.50331,-171.70396
664,iwhickmanif@paypal.com,244.83.193.176,Mauv,10/27/2024,3245,29.830962,104.848829
665,hblackbroughig@buzzfeed.com,41.188.126.113,Fuscia,10/20/2024,637,14.7268634,100.7830826
666,cbrislaneih@de.vu,60.169.234.168,Goldenrod,2/18/2024,1475,35.0876436,36.216972
667,lohartnedyii@wired.com,15.100.102.87,Pink,2/2/2024,4759,-7.1861216,108.4424414
668,sweeklandij@theglobeandmail.com,80.61.100.2,Blue,5/21/2024,4471,45.2977605,2.5135985
669,dmccreadyik@webeden.co.uk,161.70.125.173,Violet,4/25/2024,457,31.172739,115.008163
670,ahuginil@salon.com,79.99.254.110,Fuscia,12/18/2023,312,40.4742778,49.8255553
671,amckerleyim@wisc.edu,12.43.76.85,Crimson,8/30/2024,3515,39.042852,117.318781
672,epautotin@guardian.co.uk,111.18.209.225,Aquamarine,2/28/2024,4050,51.5406095,14.759662
673,fgalbreathio@squidoo.com,41.218.171.38,Purple,6/8/2024,128,39.042852,117.318781
674,hgrzesiewiczip@godaddy.com,191.27.84.72,Purple,6/20/2024,1941,50.8426863,20.8627188
675,nhaleyiq@cafepress.com,175.49.34.70,Mauv,1/31/2024,1054,17.6425736,-61.8204456
676,cmcneeir@indiegogo.com,86.214.70.180,Fuscia,7/7/2024,4466,39.50308,64.81142
677,fwappleis@princeton.edu,83.189.10.251,Maroon,9/19/2024,2921,29.8044311,71.7406583
678,amaboneit@163.com,50.180.192.16,Crimson,6/10/2024,1921,2.157713,100.8162
679,tposvneriu@hatena.ne.jp,222.60.49.86,Crimson,9/12/2024,4193,-11.7871994,43.2702822
680,cweymontiv@marriott.com,34.235.181.156,Puce,1/27/2024,2515,39.8726158,45.3575191
681,dblountiw@state.tx.us,74.15.12.136,Yellow,6/13/2024,3929,49.6496394,19.2224417
682,jhambridgeix@unesco.org,171.57.22.34,Aquamarine,12/26/2023,2542,10.04208,11.21814
683,iaskeriy@youku.com,192.89.141.212,Turquoise,5/27/2024,945,18.932625,-70.4079274
684,jcrannachiz@cpanel.net,230.129.255.32,Goldenrod,10/11/2024,3040,31.2083984,31.6349344
685,shaffordj0@bloglines.com,105.250.250.242,Maroon,2/12/2024,1600,-6.9988,113.9631
686,epalombaj1@ask.com,152.107.8.116,Aquamarine,3/19/2024,2588,39.8325643,-7.2713126
687,erickaertj2@smugmug.com,61.7.80.159,Mauv,9/22/2024,4786,49.0096906,2.5479245
688,jsackettj3@pinterest.com,32.64.82.236,Pink,6/30/2024,4290,29.584292,111.380014
689,csmailj4@cpanel.net,159.210.131.235,Crimson,10/14/2024,3132,29.541793,110.364953
690,medmandsj5@hc360.com,251.92.110.186,Violet,6/18/2024,3187,46.3194856,-0.4546217
691,sspinelloj6@cpanel.net,190.214.37.219,Turquoise,7/20/2024,1689,7.382808,7.907355
692,aswaytej7@usatoday.com,180.61.1.179,Indigo,3/15/2024,2227,39.7291573,47.6541468
693,rbaudinellij8@sohu.com,103.98.214.18,Pink,6/9/2024,218,19.421145,-99.1283211
694,fgwilymj9@jugem.jp,15.207.206.255,Orange,5/17/2024,3924,36.2389448,46.2779705
695,tgodlyja@stanford.edu,30.234.67.68,Blue,8/15/2024,649,42.52056,130.39528
696,kliquorishjb@aboutads.info,109.30.164.33,Crimson,1/6/2024,3550,13.918464,-90.872553
697,ocrocumbejc@uiuc.edu,57.247.160.217,Green,12/14/2024,4928,37.233266,122.456824
698,kkienlejd@cornell.edu,204.110.104.109,Aquamarine,2/26/2024,4549,-7.2949141,107.8021158
699,sdanje@utexas.edu,72.40.51.13,Aquamarine,5/10/2024,2876,33.32836,35.92144
700,eremerjf@globo.com,35.127.241.7,Indigo,6/30/2024,3102,45.638468,0.129895
701,btomczykowskijg@domainmarket.com,136.153.49.92,Violet,6/3/2024,3511,35.8550956,140.6058841
702,ttrightonjh@tinypic.com,193.67.249.255,Maroon,1/29/2024,2590,22.2678103,114.2360778
703,vpiperji@icio.us,35.209.71.57,Maroon,8/19/2024,3504,46.5356403,15.2675136
704,flanyonjj@sogou.com,201.182.63.147,Blue,6/8/2024,3758,7.9187344,125.3297787
705,plardnerjk@fastcompany.com,247.12.163.172,Pink,9/18/2024,4333,25.606486,100.267638
706,rmattiuzzijl@github.com,100.125.233.15,Maroon,5/30/2024,2688,36.3688889,25.4633333
707,kpaddingdonjm@slate.com,89.218.183.34,Khaki,1/12/2024,3464,-31.3950849,-64.2390612
708,mstoodersjn@histats.com,0.238.18.183,Puce,3/27/2024,1014,-19.8730077,47.0291162
709,tscoldingjo@ehow.com,57.225.173.76,Purple,8/31/2024,4666,39.3195065,-7.4906959
710,ntwidlejp@goo.gl,52.105.165.109,Orange,3/23/2024,3057,-1.2543408,-78.6228504
711,blawdayjq@addthis.com,138.40.243.48,Aquamarine,7/2/2024,3368,-24.2481501,-54.7576819
712,klezemorejr@usgs.gov,34.54.123.178,Red,12/27/2023,1706,-40.8114375,-65.0904567
713,dpardonjs@edublogs.org,116.192.164.198,Crimson,8/3/2024,3830,42.284605,125.744735
714,nmcelvinejt@baidu.com,194.161.232.58,Blue,8/30/2024,4132,34.197813,108.95974
715,pbiddlecombeju@indiegogo.com,73.105.68.249,Indigo,2/13/2024,718,-1.8844563,-48.7655306
716,ddwinejv@amazonaws.com,51.240.5.97,Khaki,11/28/2024,3851,-6.4933318,106.8809319
717,mflattjw@oakley.com,176.250.211.150,Puce,10/28/2024,4369,21.6936233,-78.6313624
718,asilbersakjx@unesco.org,140.23.145.208,Purple,10/20/2024,1726,-7.6965,107.8826
719,lsueterjy@flavors.me,54.198.108.139,Green,11/26/2024,1325,53.3177535,-6.2324705
720,ktreblejz@google.pl,178.56.254.79,Red,12/1/2024,3959,-16.4613315,-49.9588111
721,pbasketfieldk0@icq.com,126.1.121.16,Red,6/12/2024,122,28.127664,110.90203
722,meslemontk1@hubpages.com,152.37.93.22,Crimson,12/4/2024,617,17.6891622,-91.7190274
723,sreymersk2@indiatimes.com,5.99.53.248,Green,11/5/2024,1744,31.1707547,121.3963702
724,jguerrerok3@theatlantic.com,157.78.24.180,Puce,10/8/2024,1469,39.91983,116.41571
725,sbuntinek4@ifeng.com,121.30.164.78,Fuscia,2/7/2024,810,0.3603261,99.5784754
726,qhaskinsk5@admin.ch,105.228.12.29,Crimson,1/28/2024,4193,42.583016,122.445594
727,sdamsellk6@reference.com,194.72.188.49,Blue,4/9/2024,1175,39.8772715,69.0254926
728,jwhittonk7@devhub.com,229.40.149.16,Orange,5/23/2024,2901,41.4839743,-8.3477925
729,rhulburtk8@wix.com,233.2.211.211,Blue,8/28/2024,736,15.537073,119.950207
730,arainbowk9@w3.org,165.118.142.41,Purple,10/25/2024,3903,38.8525512,-94.4079213
731,fduckerka@usatoday.com,96.18.226.0,Pink,1/16/2024,3348,56.0663761,47.4456489
732,jfinlrykb@sphinn.com,1.168.114.200,Maroon,7/2/2024,711,34.0236518,113.8059154
733,mbaystonkc@tamu.edu,54.56.60.64,Pink,12/26/2023,137,6.596349,125.3448026
734,dpattissonkd@purevolume.com,61.62.10.207,Red,11/3/2024,3656,14.4776308,121.0328004
735,lwilsteadke@unblog.fr,208.37.69.25,Red,3/15/2024,841,-8.5697306,123.3991028
736,jbachmannkf@skype.com,191.175.9.142,Khaki,1/26/2024,3858,35.819227,108.019549
737,rkarelkg@wikipedia.org,42.144.101.11,Fuscia,9/10/2024,695,-6.7974263,111.1682495
738,amariollekh@unicef.org,177.241.107.132,Purple,6/26/2024,4842,-21.4433017,27.4615118
739,apetrelliki@china.com.cn,155.120.134.76,Orange,8/11/2024,1496,-7.7276103,110.8582722
740,mbetkekj@nbcnews.com,101.178.123.49,Blue,8/2/2024,3014,55.7193861,37.7808815
741,kcornnerkk@purevolume.com,51.244.29.77,Mauv,3/27/2024,1140,53.7406255,55.8746137
742,hflattmankl@sciencedirect.com,133.162.159.7,Khaki,2/5/2024,4004,-6.0912649,-35.4124355
743,acharletkm@seattletimes.com,223.231.97.53,Violet,9/17/2024,503,50.0259849,22.1693843
744,mchapleokn@google.es,225.43.172.27,Pink,10/1/2024,4791,49.4303242,22.5942366
745,sstorekko@github.com,39.110.195.112,Aquamarine,11/6/2024,4457,13.8303,121.401
746,mgregolottikp@china.com.cn,4.81.158.131,Puce,3/10/2024,3507,50.24342,-63.60264
747,ksorensenkq@theguardian.com,135.46.123.151,Khaki,10/20/2024,1025,-17.2884329,-70.3643395
748,gcobbekr@narod.ru,214.194.62.203,Orange,7/17/2024,3556,8.6881283,-12.5355393
749,tannwylks@stumbleupon.com,218.101.101.58,Indigo,10/1/2024,2680,42.57495,123.16525
750,ccourvertkt@goodreads.com,218.174.79.24,Orange,8/17/2024,2881,41.6089452,20.006257
751,sksandraku@globo.com,135.75.36.226,Turquoise,9/13/2024,4199,-30.6161448,25.4852012
752,mdowellkv@mapquest.com,107.201.208.67,Blue,9/5/2024,4009,40.211932,-8.8417565
753,bhumbellkw@bbb.org,227.233.48.175,Aquamarine,7/20/2024,2233,23.02299,113.1039
754,mtryhornkx@sphinn.com,207.189.150.163,Green,9/13/2024,1366,30.501816,110.738098
755,rharmeky@biglobe.ne.jp,117.191.226.221,Fuscia,7/3/2024,538,30.274084,120.15507
756,imatevosiankz@wunderground.com,74.119.69.153,Pink,7/8/2024,1520,48.3006708,4.0710348
757,aswordl0@jalbum.net,2.122.230.23,Green,7/29/2024,2445,28.90499,109.667164
758,khovingtonl1@cornell.edu,222.50.231.179,Maroon,6/12/2024,4138,-6.1989828,106.5996595
759,jshowalterl2@geocities.com,235.21.62.49,Violet,5/10/2024,1641,10.890811,124.457075
760,lmagnarl3@xrea.com,52.120.36.14,Green,5/2/2024,3322,51.1845319,-115.572212
761,droyansl4@sogou.com,221.99.93.46,Purple,5/15/2024,831,36.815129,127.1138939
762,htheriotl5@japanpost.jp,10.40.39.191,Yellow,4/18/2024,1871,14.63333,-16.23333
763,jbellinil6@ovh.net,18.56.15.3,Yellow,8/11/2024,1320,57.8065774,11.9994997
764,vclampel7@google.co.jp,154.141.141.23,Yellow,12/11/2024,3319,-6.9039936,112.1717105
765,pswindlesl8@mtv.com,224.214.91.14,Khaki,10/14/2024,632,11.183333,42.933333
766,imisselbrookl9@soup.io,21.139.200.104,Orange,11/20/2024,1108,-23.2218772,-44.7235076
767,mgladtbachla@163.com,23.77.147.245,Violet,10/15/2024,1721,-7.6965,107.8826
768,vbussenslb@youtu.be,130.100.87.227,Indigo,5/28/2024,2141,28.11579,119.573397
769,ajerrandlc@upenn.edu,50.159.75.42,Green,10/31/2024,1728,46.5756337,16.1741662
770,amustoold@multiply.com,123.15.222.238,Yellow,11/3/2024,3190,39.109563,117.223371
771,mbockmanle@icq.com,53.24.133.172,Crimson,8/25/2024,4473,24.9936281,121.3009798
772,randerschlf@issuu.com,177.92.77.255,Crimson,2/13/2024,2172,15.5651234,102.5814416
773,wcoverleylg@gmpg.org,19.171.132.249,Goldenrod,3/29/2024,3014,-6.5139395,-78.5185197
774,mwardellh@oakley.com,1.9.152.129,Teal,4/15/2024,2097,44.054356,42.528294
775,jrehmli@fotki.com,29.177.21.91,Teal,2/1/2024,3742,6.9333793,79.8441645
776,mgreeniglj@diigo.com,111.73.54.158,Turquoise,12/6/2024,2016,26.394403,111.314117
777,rhawtrylk@wiley.com,53.197.20.129,Crimson,12/7/2024,3242,-6.22697,106.8264184
778,hphilcottll@deviantart.com,66.125.11.228,Crimson,10/1/2024,1197,31.800198,107.014924
779,bmaddocklm@domainmarket.com,75.102.53.114,Khaki,3/16/2024,1624,49.1025395,2.0362602
780,utrowsdaleln@usgs.gov,87.242.188.195,Violet,12/8/2024,2118,-34.0257608,18.4230789
781,eespinosalo@geocities.com,70.196.36.219,Green,6/12/2024,4045,48.560407,38.6487184
782,tthemannlp@photobucket.com,156.217.26.112,Goldenrod,10/1/2024,3777,0.944785,33.126717
783,rdewanelq@stumbleupon.com,122.120.115.241,Blue,2/7/2024,2486,34.2816848,109.002843
784,cfoundslr@ihg.com,198.155.98.54,Aquamarine,8/26/2024,3362,24.562945,118.26435
785,kbradburnls@imgur.com,62.39.158.36,Puce,3/1/2024,1093,30.3659761,50.7936301
786,mmateult@bizjournals.com,223.169.14.194,Blue,6/15/2024,4801,-4.270039,-81.2133262
787,gclamplu@yandex.ru,152.84.192.132,Crimson,12/2/2024,2420,-1.8867371,-44.813111
788,bdellerlv@linkedin.com,174.173.147.59,Mauv,9/5/2024,3760,-21.2335652,-45.2325476
789,fdabbslw@nifty.com,102.66.149.58,Goldenrod,4/4/2024,3767,41.7958532,-8.5356936
790,ebthamlx@friendfeed.com,182.177.89.111,Mauv,7/12/2024,3326,-9.7702219,124.5140637
791,jleggonly@indiegogo.com,20.28.133.28,Green,12/8/2024,2086,13.3042145,-86.1828047
792,bandrivellz@google.com.hk,32.61.126.65,Crimson,7/29/2024,1062,16.7733926,101.2451095
793,bquinseem0@hugedomains.com,224.7.234.152,Fuscia,11/7/2024,3906,53.602954,53.0390034
794,gdelorenzom1@bbc.co.uk,85.247.107.79,Green,11/18/2024,246,12.4082969,9.5291085
795,jsquirem2@shareasale.com,212.44.244.63,Pink,11/29/2024,3908,60.261145,20.7891235
796,mpollerm3@redcross.org,25.100.199.13,Goldenrod,2/25/2024,408,-19.9952622,23.4180769
797,igrinishinm4@tuttocitta.it,63.24.145.58,Blue,2/20/2024,3424,38.47436,106.239679
798,rlymerm5@ifeng.com,128.104.12.119,Orange,10/21/2024,2217,14.347522,120.9245309
799,tforkerm6@infoseek.co.jp,37.165.235.163,Aquamarine,2/14/2024,1314,51.9769348,116.5697117
800,wgebbym7@cam.ac.uk,154.216.25.48,Goldenrod,6/23/2024,2154,46.3194856,-0.4546217
801,mfouldsm8@posterous.com,217.66.130.86,Blue,12/24/2023,491,32.709243,116.722615
802,prosparsm9@cyberchimps.com,79.87.245.218,Green,2/25/2024,348,7.5909302,-80.365865
803,obarzenma@cbsnews.com,61.196.100.134,Puce,11/28/2024,1333,51.2982002,20.2969528
804,dmcgennismb@google.ru,220.129.209.244,Crimson,1/12/2024,4744,49.966003,21.124684
805,rvospermc@joomla.org,15.151.103.35,Violet,11/30/2024,3206,50.177791,22.6095389
806,bprisleymd@geocities.jp,205.147.108.26,Fuscia,8/30/2024,299,-8.197451,112.6079459
807,aboldingme@theatlantic.com,62.174.14.90,Orange,3/29/2024,3476,-14.2329823,-39.8579118
808,rhastilowmf@dedecms.com,183.165.170.192,Fuscia,5/18/2024,2188,41.737365,140.5800948
809,gmulmuraymg@netvibes.com,240.175.106.53,Yellow,2/24/2024,2670,28.312711,115.372281
810,mperigoemh@dedecms.com,50.60.155.86,Blue,9/15/2024,2484,29.134418,115.762844
811,npendermi@infoseek.co.jp,28.238.83.166,Purple,10/20/2024,150,50.6638362,3.119593
812,jcranagemj@spiegel.de,237.122.232.167,Puce,10/26/2024,4549,-7.503663,110.271099
813,fpithiemk@clickbank.net,220.155.154.61,Yellow,11/14/2024,2490,43.3152889,-1.9514657
814,scumbridgeml@qq.com,160.109.105.214,Turquoise,7/17/2024,4299,36.813546,118.055019
815,hbursnallmm@reuters.com,25.160.2.241,Purple,11/6/2024,1172,31.87022,35.12682
816,dmcaviymn@php.net,21.197.240.88,Red,8/5/2024,3490,-7.4632593,112.6972845
817,ghadigatemo@aboutads.info,139.81.76.9,Khaki,2/22/2024,399,6.5301553,-10.3441758
818,dmartinimp@reddit.com,212.106.39.160,Khaki,8/2/2024,3411,-6.1126806,106.8806295
819,cdunstonemq@deliciousdays.com,87.157.11.149,Purple,4/8/2024,3287,48.3114598,40.2585579
820,dmarginsonmr@japanpost.jp,27.107.151.81,Red,8/7/2024,3078,37.9943201,23.3430496
821,alamckenms@home.pl,53.55.8.36,Maroon,8/15/2024,3441,47.6329545,7.4839022
822,fpiggottmt@paginegialle.it,245.158.245.193,Aquamarine,7/17/2024,4849,33.9352916,133.0604733
823,dgossagemu@unblog.fr,69.200.70.219,Goldenrod,5/4/2024,4120,50.9427305,39.4789854
824,ldugmoremv@hp.com,103.0.93.124,Green,8/19/2024,1282,12.3290115,122.0752224
825,jpidonmw@businessinsider.com,157.129.89.179,Mauv,8/17/2024,4912,-3.7114163,104.0072348
826,asullivanmx@deliciousdays.com,219.43.198.16,Violet,10/17/2024,4015,47.7489727,7.3507066
827,iwoolliamsmy@cdbaby.com,245.65.190.39,Aquamarine,2/14/2024,3522,-21.1451492,-49.0000898
828,btuftmz@utexas.edu,213.43.191.148,Maroon,10/17/2024,3010,15.8785099,120.3186429
829,bwillmentn0@tinyurl.com,10.30.180.4,Goldenrod,2/23/2024,153,50.2709275,12.7842341
830,gcrabbn1@alexa.com,84.14.220.176,Puce,2/12/2024,4549,38.371268,114.393598
831,gheavensn2@creativecommons.org,216.140.185.141,Green,9/16/2024,2681,29.028766,111.697912
832,atzukern3@earthlink.net,110.238.12.114,Purple,2/5/2024,2072,21.6936233,-78.6313624
833,vswansburyn4@pagesperso-orange.fr,3.28.153.131,Fuscia,10/17/2024,1576,49.1063903,17.164335
834,aantoinetn5@springer.com,141.235.84.99,Indigo,12/12/2024,678,-7.6426348,112.7032945
835,notton6@bluehost.com,229.52.49.220,Fuscia,6/7/2024,4439,47.372696,132.145184
836,qcramern7@redcross.org,39.19.96.65,Goldenrod,4/13/2024,4071,52.7765719,21.5903277
837,tbyren8@va.gov,29.36.20.160,Yellow,11/30/2024,4280,59.1239637,12.9380053
838,fsutterbyn9@ocn.ne.jp,131.226.175.206,Maroon,3/14/2024,4127,7.9819727,-81.166481
839,ggladdishna@google.it,212.253.146.126,Mauv,1/8/2024,1607,13.8493774,120.1022118
840,modeanb@blogs.com,49.78.80.53,Turquoise,12/20/2023,1448,-8.2631,113.8575
841,rfrakenc@buzzfeed.com,162.29.25.124,Puce,5/15/2024,2139,41.448315,-8.7482341
842,klightollersnd@theatlantic.com,125.104.113.150,Purple,8/5/2024,1451,12.7277133,-86.3820191
843,cguyonne@ibm.com,60.104.175.37,Mauv,6/5/2024,877,-8.2116007,-35.5677787
844,rgaufordnf@scribd.com,178.120.121.86,Aquamarine,7/16/2024,4919,4.398278,-74.828718
845,whugginng@mail.ru,135.233.212.192,Crimson,9/26/2024,2881,6.3878527,-3.8808034
846,iconaghannh@taobao.com,16.232.30.147,Teal,8/30/2024,1223,14.5675752,121.0144105
847,sgreatrexni@spiegel.de,114.70.45.249,Red,2/13/2024,4304,49.7549498,21.8253619
848,cgulbergnj@accuweather.com,23.149.89.0,Puce,4/8/2024,805,15.0286165,-23.563922
849,dvoaknk@si.edu,234.124.240.27,Pink,7/13/2024,2511,39.9599267,-8.4886039
850,awillavizenl@ihg.com,99.192.106.246,Pink,3/31/2024,2419,-8.707209,34.3809905
851,durpethnm@patch.com,170.28.25.20,Puce,8/15/2024,2964,40.5851643,46.8429953
852,jtowsienn@github.io,107.175.198.57,Yellow,5/3/2024,4888,46.5838069,0.3350126
853,gneevesno@bloglines.com,104.37.104.47,Turquoise,9/17/2024,1320,34.014215,105.298756
854,lleblancnp@omniture.com,230.19.224.21,Indigo,8/11/2024,1803,38.1600508,138.3046891
855,dcastellannq@amazon.co.uk,103.213.146.0,Khaki,6/27/2024,4062,-9.4449608,119.2311118
856,sashcroftnr@slideshare.net,169.227.118.164,Pink,7/5/2024,4598,-8.4595561,115.0465991
857,judeyns@boston.com,44.186.210.11,Fuscia,11/19/2024,1670,43.3213308,45.044839
858,amatent@noaa.gov,112.191.211.37,Yellow,11/19/2024,707,43.2916776,-0.3696612
859,mbowrynu@joomla.org,26.127.39.21,Yellow,9/22/2024,1264,21.6098301,96.1341431
860,cantennv@goo.gl,5.94.197.154,Maroon,12/3/2024,2465,14.641514,-61.0512822
861,kvakhlovnw@simplemachines.org,57.198.54.183,Purple,9/18/2024,921,43.7441795,2.511999
862,demornx@apple.com,235.79.63.77,Maroon,2/8/2024,2613,-1.3928344,-78.4268758
863,strinderny@scientificamerican.com,248.31.214.103,Blue,2/17/2024,4422,45.5436558,3.2448508
864,dcuerdallnz@is.gd,175.231.158.228,Purple,2/5/2024,3447,32.8744365,129.9735343
865,rfoado0@accuweather.com,164.52.6.219,Violet,12/24/2023,4373,-8.6852273,120.409835
866,omonteso1@jimdo.com,51.61.58.254,Aquamarine,1/18/2024,1584,30.214647,20.1402594
867,mfileso2@independent.co.uk,16.84.54.158,Teal,8/21/2024,1539,39.4928944,-8.8783525
868,rskitralo3@apache.org,199.142.144.10,Orange,5/10/2024,187,55.2708406,66.4858701
869,rcosgroveo4@guardian.co.uk,68.153.109.59,Orange,2/23/2024,3195,-2.2306406,-80.9001863
870,khillitto5@aboutads.info,134.64.58.120,Khaki,11/1/2024,295,8.972681,125.408732
871,skingswoodo6@washington.edu,72.135.47.244,Khaki,1/6/2024,3063,28.0093247,120.6569721
872,asono7@printfriendly.com,95.249.120.79,Turquoise,4/19/2024,4599,-6.7422,111.3587
873,hjuliffo8@nature.com,232.110.248.113,Violet,11/7/2024,4321,-6.8903,113.0852
874,mlibbiso9@miitbeian.gov.cn,153.139.95.127,Maroon,1/9/2024,4356,30.8614539,69.8196064
875,sburgettoa@cbc.ca,180.202.248.164,Indigo,9/5/2024,3265,-34.7117766,-55.963705
876,lmayallob@is.gd,58.210.137.220,Green,12/19/2023,4033,37.444498,114.498761
877,dcowleoc@slashdot.org,56.147.12.28,Blue,12/11/2024,3906,50.8022561,20.80789
878,kkenrickod@posterous.com,102.170.215.60,Mauv,1/7/2024,3187,44.6956711,20.2671882
879,dpudeoe@technorati.com,168.190.242.140,Yellow,3/9/2024,4216,12.1630333,-84.2199753
880,mdudnyof@go.com,163.238.108.19,Khaki,6/23/2024,1584,22.58405,113.093384
881,nrobrowog@ihg.com,129.220.241.180,Mauv,9/4/2024,446,54.8133814,29.7063314
882,cdownieoh@google.co.uk,230.22.158.131,Mauv,3/26/2024,668,56.0446874,99.5285704
883,mcusickoi@mediafire.com,91.204.20.136,Violet,6/14/2024,3829,57.0228035,28.9142107
884,epratonoj@wikimedia.org,44.145.96.225,Fuscia,12/6/2024,4340,38.5774849,23.6417373
885,ddunkinsonok@ustream.tv,53.55.48.159,Goldenrod,5/10/2024,993,12.2387911,109.1967488
886,mskydallol@amazon.co.uk,187.203.248.105,Aquamarine,8/8/2024,2381,40.7240772,23.0043777
887,asnellingom@ucla.edu,85.155.161.234,Teal,12/29/2023,3818,60.0679685,20.1014899
888,sberkeryon@msu.edu,2.226.167.232,Goldenrod,10/13/2024,3166,34.933333,70.95
889,dmaddrelloo@slashdot.org,204.168.144.49,Turquoise,12/20/2023,3743,6.4864,-72.43286
890,cbristoeop@cbc.ca,132.45.124.94,Aquamarine,1/7/2024,3460,52.6386769,22.563616
891,bbrigstockoq@so-net.ne.jp,134.120.42.3,Teal,2/9/2024,4628,26.733954,107.943601
892,rdeplacidoor@delicious.com,215.217.173.187,Teal,3/20/2024,459,4.4725348,97.9756343
893,kcheckleyos@cbslocal.com,205.8.44.27,Teal,5/5/2024,2471,-6.1874721,106.8274787
894,lmcimmieot@dagondesign.com,103.228.204.203,Yellow,9/13/2024,304,18.504589,108.79313
895,kdisbrowou@webs.com,199.40.28.12,Mauv,7/25/2024,4438,52.6004448,-8.9706844
896,mgavriellyov@gravatar.com,134.196.204.177,Green,7/24/2024,4690,6.6493305,6.3917654
897,dlearmontow@columbia.edu,99.119.168.125,Teal,8/26/2024,1349,13.0730815,123.5982956
898,afrobisherox@blogtalkradio.com,64.26.109.104,Indigo,6/29/2024,4475,53.4066765,82.6293575
899,ctiernyoy@washingtonpost.com,216.65.162.218,Khaki,2/7/2024,4845,59.9207975,20.9091298
900,dpelosioz@narod.ru,132.46.192.250,Yellow,7/15/2024,535,28.856082,93.388853
901,ecleavep0@feedburner.com,25.158.83.14,Indigo,2/1/2024,408,51.6773339,5.0633742
902,gloftinp1@sphinn.com,65.249.219.111,Pink,7/3/2024,4614,7.7299001,125.1001641
903,dyarntonp2@dyndns.org,201.139.4.11,Crimson,4/22/2024,790,46.5402775,15.3884817
904,gquilterp3@ucsd.edu,88.166.77.192,Mauv,12/15/2024,3528,14.84712,-88.831192
905,vrouxp4@aol.com,105.239.225.240,Maroon,5/29/2024,2063,50.8310469,34.9528373
906,nrivenzonp5@pbs.org,237.147.123.56,Crimson,10/8/2024,3827,52.7704654,17.9583306
907,tivyp6@omniture.com,94.136.4.140,Yellow,3/4/2024,1808,30.677233,121.015142
908,gdewhirstp7@printfriendly.com,68.97.80.216,Green,12/14/2024,1355,41.0874823,-7.9582137
909,mowersp8@chron.com,123.218.151.0,Mauv,7/24/2024,1318,11.5013799,125.5025812
910,owetherickp9@macromedia.com,244.119.236.2,Aquamarine,10/23/2024,2854,-32.817807,-63.877963
911,medgeworthpa@wp.com,195.189.255.133,Teal,5/5/2024,1210,14.5427102,-91.4587127
912,aingredapb@cbslocal.com,57.120.201.219,Red,12/23/2023,1631,53.291512,-6.133718
913,nbenoispc@nasa.gov,140.41.96.128,Orange,12/16/2024,2912,31.058765,121.315718
914,akellettpd@sun.com,162.52.92.2,Crimson,5/23/2024,2269,41.57365,120.4493879
915,sshailerpe@flavors.me,158.184.218.212,Orange,1/24/2024,657,21.4662223,95.38872
916,fstenerpf@homestead.com,65.4.94.30,Maroon,8/19/2024,3112,-7.5718057,110.8381555
917,fmacsherrypg@free.fr,115.150.55.159,Fuscia,3/7/2024,2247,-6.9011055,113.7543578
918,sdowningph@dagondesign.com,182.193.81.252,Pink,11/23/2024,4172,30.319558,-95.4647953
919,bhenrichsenpi@merriam-webster.com,202.95.42.105,Violet,4/10/2024,2855,37.233266,122.456824
920,hfraanchyonokpj@elpais.com,45.38.133.4,Green,1/10/2024,2008,-37.9361202,-57.5552203
921,cpostanspk@xing.com,12.131.161.121,Teal,11/24/2024,4725,34.748256,113.61285
922,rkobierskipl@trellian.com,182.7.169.4,Green,8/23/2024,2310,42.9963758,21.944034
923,jwabererpm@about.me,150.211.76.247,Teal,3/19/2024,3249,50.6162099,33.8468153
924,ewreakpn@trellian.com,106.39.194.97,Maroon,8/4/2024,343,-8.3445,113.4296
925,bphiferpo@macromedia.com,69.238.150.201,Khaki,4/13/2024,3058,50.7784708,16.0928295
926,clanchberypp@gmpg.org,203.20.242.82,Mauv,12/12/2024,4634,50.097858,105.411797
927,bfieldsendpq@miibeian.gov.cn,109.103.17.255,Red,4/8/2024,1644,62.6243044,26.8277488
928,rbrigdenpr@odnoklassniki.ru,221.151.95.205,Indigo,10/12/2024,4548,23.681774,113.056042
929,fbeasantps@java.com,168.99.226.254,Orange,1/23/2024,4279,51.2405976,58.6794185
930,cotteypt@hibu.com,162.202.7.216,Turquoise,7/28/2024,4508,-8.4942298,118.5360226
931,cartinpu@51.la,235.54.122.59,Aquamarine,12/19/2023,961,-20.1127536,16.1610343
932,esandsallanpv@nbcnews.com,186.205.63.96,Turquoise,2/27/2024,1373,29.164409,116.78956
933,esturdeypw@npr.org,235.97.152.17,Khaki,1/22/2024,869,49.736915,20.3174497
934,rjewisspx@uol.com.br,167.34.51.105,Mauv,5/29/2024,276,10.2600338,123.958258
935,mloughmanpy@surveymonkey.com,235.22.46.148,Green,6/11/2024,2285,55.3071219,82.7407627
936,kburghpz@mapy.cz,120.254.192.219,Blue,8/27/2024,1141,-7.5754887,110.8243272
937,mlloydwilliamsq0@spiegel.de,253.119.92.207,Purple,8/22/2024,4345,40.5630764,45.2368557
938,wskittleq1@epa.gov,10.52.0.161,Yellow,10/9/2024,4409,8.5328493,124.5621837
939,iburrq2@google.co.uk,154.224.50.46,Goldenrod,4/26/2024,3490,43.4945737,5.8978018
940,sbiaginiq3@ovh.net,75.248.55.32,Green,8/3/2024,1109,-11.2780052,-37.5747647
941,dhessingq4@mediafire.com,161.30.226.137,Crimson,12/1/2024,2868,3.8149378,97.2005806
942,scogerq5@paypal.com,226.188.81.153,Purple,12/24/2023,4644,50.0898667,18.7713104
943,bstollenbergq6@stanford.edu,229.27.99.245,Blue,12/22/2023,3624,37.868872,116.144417
944,ajeavonq7@addtoany.com,75.170.97.19,Orange,2/7/2024,4709,41.0174461,-7.7750036
945,fraisherq8@youtu.be,29.77.83.184,Puce,2/15/2024,2219,-20.2197867,-40.2721884
946,ekynclq9@shinystat.com,2.157.154.210,Maroon,2/8/2024,3075,10.9808313,-4.9091329
947,hbrittianqa@jalbum.net,53.232.130.42,Mauv,11/13/2024,4354,38.235041,115.726317
948,rnafzigerqb@nih.gov,32.53.245.42,Maroon,12/25/2023,1680,-13.527778,-73.363333
949,cmcgirlqc@drupal.org,45.172.6.17,Green,3/7/2024,1390,34.29922,108.490475
950,tsterlandqd@vimeo.com,235.49.225.59,Turquoise,4/12/2024,1819,52.1814619,32.583994
951,jboggersqe@elegantthemes.com,26.164.93.162,Indigo,2/27/2024,1621,14.1512889,120.8576801
952,eleamingqf@feedburner.com,4.169.120.142,Yellow,2/16/2024,3286,-12.2376497,-76.3259182
953,rfendqg@mac.com,200.223.118.206,Violet,2/12/2024,1743,-6.5596329,111.0534923
954,pglencorseqh@tinypic.com,104.218.10.230,Indigo,3/11/2024,1167,0.8348125,124.3199316
955,nedgertonqi@usatoday.com,59.125.182.9,Fuscia,4/15/2024,4695,13.2317498,123.7702587
956,mbeaneqj@feedburner.com,174.104.198.249,Crimson,9/24/2024,1442,43.4650355,24.8715019
957,atooveyqk@amazonaws.com,144.251.223.131,Turquoise,5/14/2024,4208,38.914003,121.614682
958,esacklerql@google.co.jp,18.48.151.167,Puce,2/1/2024,3209,-13.88991,-70.647842
959,adumingoqm@narod.ru,80.128.106.26,Orange,7/15/2024,4015,38.8665109,115.4841713
960,mtellettqn@mozilla.com,173.176.250.92,Orange,1/15/2024,4399,35.709077,107.643631
961,wbrentnallqo@baidu.com,248.42.86.251,Red,8/31/2024,641,13.74372,-15.7732633
962,lbowdenqp@nih.gov,109.132.250.4,Violet,6/28/2024,803,46.4100106,15.0570131
963,mnixonqq@vk.com,111.192.142.168,Indigo,8/3/2024,1141,41.6412644,19.705595
964,cgeneseqr@meetup.com,17.163.118.40,Purple,4/28/2024,3821,8.417766,126.207415
965,amatzaitisqs@omniture.com,170.16.18.54,Puce,2/11/2024,523,36.119485,128.3445734
966,lribbensqt@ibm.com,42.64.97.249,Khaki,11/2/2024,3252,32.820169,107.497055
967,cmerrallqu@github.com,46.164.106.108,Pink,12/19/2023,2254,57.8948,55.9378
968,nlovstromqv@sitemeter.com,132.226.44.140,Fuscia,6/30/2024,2461,40.5410214,44.7690148
969,rmcramseyqw@rakuten.co.jp,199.193.209.47,Pink,5/18/2024,1565,-27.1435718,-56.7664844
970,jfeaveryearqx@multiply.com,41.143.110.90,Blue,10/13/2024,150,40.49155,69.70245
971,aburchfieldqy@jigsy.com,236.118.220.181,Violet,12/22/2023,1473,29.342612,118.484422
972,cshelpqz@ow.ly,42.201.33.232,Maroon,4/1/2024,4430,-7.0009,113.8811
973,oschaumakerr0@tinyurl.com,254.192.89.237,Crimson,2/5/2024,324,-6.9774659,110.5806783
974,ddavidescur1@sfgate.com,9.66.82.34,Red,1/10/2024,4190,-6.6641,111.5655
975,syeomanr2@bigcartel.com,193.167.81.138,Mauv,1/17/2024,2145,-6.9996952,112.4142453
976,hleportr3@posterous.com,254.226.176.214,Fuscia,5/16/2024,2050,-34.6802091,-58.4747517
977,jsouthwoodr4@aol.com,29.114.189.95,Pink,2/8/2024,2167,32.460037,112.228897
978,npiesingr5@4shared.com,67.22.122.61,Goldenrod,1/10/2024,3532,13.9740494,-86.5425921
979,cbeuscherr6@canalblog.com,46.154.25.114,Turquoise,1/28/2024,830,44.190357,0.63968
980,bmacmillanr7@netlog.com,65.232.43.244,Purple,10/30/2024,3321,13.7192,123.6675
981,jmctrustamr8@vkontakte.ru,152.128.135.0,Violet,5/9/2024,191,-35.846407,-71.5996137
982,cjurcar9@ed.gov,224.118.205.12,Pink,9/26/2024,2520,43.1043447,-88.0162724
983,bkubickara@youku.com,141.109.28.47,Indigo,4/23/2024,1983,29.208918,119.460526
984,jfloderb@eepurl.com,101.6.2.239,Fuscia,3/8/2024,1208,41.3629391,-8.3042536
985,nfarnierc@hud.gov,215.71.222.216,Red,6/5/2024,4869,50.1470572,19.204916
986,jlowresrd@google.es,214.227.121.132,Red,2/24/2024,1720,55.6854725,12.5666087
987,kbrandhamre@ft.com,72.157.85.89,Maroon,10/15/2024,3289,23.0818155,-82.3072013
988,sdiablerf@ehow.com,103.71.84.203,Aquamarine,1/5/2024,2552,6.7139748,6.3279244
989,lduplainrg@illinois.edu,204.61.215.108,Blue,4/22/2024,3173,-8.237963,112.5513677
990,rmarryattrh@simplemachines.org,38.241.198.19,Violet,2/23/2024,1691,-20.5362627,47.2459749
991,cdurandri@weather.com,249.96.34.189,Orange,6/13/2024,141,-6.944036,109.3277605
992,bivanovicrj@wikimedia.org,230.109.10.62,Mauv,2/23/2024,1293,9.9817261,122.5356326
993,browbothamrk@twitpic.com,216.76.28.144,Puce,12/15/2024,949,28.600129,112.206895
994,acumingrl@printfriendly.com,126.80.108.214,Khaki,9/19/2024,736,60.1368081,14.3701585
995,etoombsrm@chron.com,191.180.7.99,Purple,12/31/2023,2895,21.857958,111.982232
996,tpiotrkowskirn@bigcartel.com,27.186.204.19,Orange,8/30/2024,1240,45.8580458,17.3018974
997,jpoutonro@epa.gov,254.98.6.204,Fuscia,7/5/2024,2384,44.526371,130.263089
998,usnelrp@goodreads.com,9.18.215.84,Maroon,5/27/2024,693,-15.6225478,-71.9801443
999,rhuckerq@google.it,0.27.121.111,Orange,12/23/2023,570,49.4648362,2.8898334
1000,fhowickrr@4shared.com,113.214.182.60,Teal,3/8/2024,2950,36.6753224,136.7483601
